cntry,year,sCh,deaths,pop1k_nearyr,pop1k_fit
AGO,1971,1,NA,5890.359999999999,7105.669160865612
AGO,1972,268,24,5890.359999999999,7316.980203508222
AGO,1973,263,9,7023.993999999999,7534.575292836911
AGO,1974,934,34,7023.993999999999,7758.641306178385
AGO,1975,88,4,7023.993999999999,7989.370678287071
AGO,1977,726,31,7023.993999999999,8471.618021490365
AGO,1987,16222,1403,9961.993000000002,11356.260248706978
AGO,1988,15500,1542,11848.385,11693.976956218698
AGO,1989,17601,925,11848.385,12041.736809276113
AGO,1990,9527,809,11848.385,12399.838474691402
AGO,1991,8590,582,11848.385,12768.589501141922
AGO,1992,3608,184,11848.385,13148.306583302427
AGO,1994,3443,187,13945.204999999994,13941.953063450403
AGO,1995,3295,248,13945.204999999994,14356.564069340964
AGO,1996,1306,42,13945.204999999994,14783.504932133443
AGO,2005,0,0,19433.604000000003,19245.069529231383
AGO,2006,67257,2722,19433.604000000003,19817.38659267541
AGO,2007,18422,513,19433.604000000003,20406.72343464566
AGO,2008,10511,243,23356.247,21013.58619567084
AGO,2009,2019,88,23356.247,21638.49606807568
AGO,2010,1484,30,23356.247,22281.98974359689
AGO,2011,1810,110,23356.247,22944.619874310407
AGO,2012,1215,98,23356.247,23626.955547265978
AGO,2013,6655,86,27884.380000000005,24329.582773236514
AGO,2014,213,3,27884.380000000005,25053.10499000209
AGO,2016,78,3,27884.380000000005,26565.33840699158
AGO,2017,828,43,27884.380000000005,27355.34835958714
BDI,1978,8297,248,4157.296,4152.159678304078
BDI,1979,915,31,4157.296,4248.078907896599
BDI,1980,2039,28,4157.296,4346.213971974893
BDI,1981,582,11,4157.296,4446.616058632205
BDI,1982,415,9,4157.296,4549.33753846025
BDI,1983,512,35,4750.832,4654.431991866163
BDI,1984,180,10,4750.832,4761.9542370205045
BDI,1985,259,15,4750.832,4871.960358450885
BDI,1990,82,NA,5438.959,5461.304456561624
BDI,1991,3,NA,5438.959,5587.466299224079
BDI,1992,479,29,5438.959,5716.542612352403
BDI,1993,78,0,5987.044000000001,5848.600723261476
BDI,1994,562,41,5987.044000000001,5983.709514597418
BDI,1995,2297,NA,5987.044000000001,6121.939460267535
BDI,1996,418,NA,5987.044000000001,6263.362662200067
BDI,1997,1959,95,5987.044000000001,6408.05288795318
BDI,1998,1067,26,6378.870999999999,6556.085609192756
BDI,1999,3440,63,6378.870999999999,6707.538041059065
BDI,2000,1021,16,6378.870999999999,6862.489182442841
BDI,2001,1003,20,6378.870999999999,7021.019857191791
BDI,2002,577,8,6378.870999999999,7183.212756268999
BDI,2003,432,18,7364.857,7349.152480885253
BDI,2004,819,14,7364.857,7518.925586627755
BDI,2005,1309,18,7364.857,7692.620628608271
BDI,2006,886,7,7364.857,7870.328207654223
BDI,2007,365,2,7364.857,8052.141017566875
BDI,2008,234,4,8675.606000000002,8238.153893471208
BDI,2009,355,0,8675.606000000002,8428.463861282738
BDI,2010,333,1,8675.606000000002,8623.170188317072
BDI,2011,1072,1,8675.606000000002,8822.374435068583
BDI,2012,214,1,8675.606000000002,9026.180508185253
BDI,2013,1557,17,10160.034,9234.69471466726
BDI,2014,582,9,10160.034,9448.025817317628
BDI,2015,442,0,10160.034,9666.285091473843
BDI,2016,434,5,10160.034,9889.586383050024
BDI,2017,399,0,10160.034,10118.046167919929
BEN,1970,175,37,2912.338,3144.6551778836256
BEN,1971,2133,274,2912.338,3226.7003835340015
BEN,1972,250,29,2912.338,3310.8861786574475
BEN,1973,3,2,3265.167,3397.2684120175313
BEN,1974,73,4,3265.167,3485.904389492522
BEN,1975,45,1,3265.167,3576.852912092047
BEN,1976,146,14,3265.167,3670.174314965618
BEN,1977,2,0,3265.167,3765.930507428901
BEN,1978,27,0,3717.1609999999996,3864.1850140342876
BEN,1980,3,0,3717.1609999999996,4068.4513980167853
BEN,1981,2,0,3717.1609999999996,4174.598785487578
BEN,1982,3,0,3717.1609999999996,4283.5155971850845
BEN,1983,1,0,4278.502,4395.274088401971
BEN,1984,1,0,4278.502,4509.948399597962
BEN,1986,243,13,4278.502,4748.350765992873
BEN,1991,7474,259,4978.489,5400.95854846844
BEN,1992,413,17,4978.489,5541.871535664854
BEN,1993,10,2,5905.552000000001,5686.460994321365
BEN,1994,187,20,5905.552000000001,5834.822844925262
BEN,1995,203,12,5905.552000000001,5987.0555105644835
BEN,1996,6190,203,5905.552000000001,6143.259982221395
BEN,1997,796,16,5905.552000000001,6303.539885770087
BEN,1998,206,1,6865.946,6468.0015507216685
BEN,1999,855,25,6865.946,6636.754080763152
BEN,2000,468,11,6865.946,6809.90942613671
BEN,2001,3943,71,6865.946,6987.582457907349
BEN,2002,270,13,6865.946,7169.891044168245
BEN,2003,434,11,7982.223,7356.956128234306
BEN,2004,642,9,7982.223,7548.901808875834
BEN,2005,749,11,7982.223,7745.8554226455135
BEN,2006,91,1,7982.223,7947.947628353339
BEN,2008,985,5,9199.254,8368.087584444891
BEN,2009,74,1,9199.254,8586.414055211777
BEN,2010,983,8,9199.254,8810.436743585911
BEN,2011,755,4,9199.254,9040.304265971505
BEN,2012,625,3,9199.254,9276.169116229199
BEN,2013,528,6,10575.962000000001,9518.187766840327
BEN,2014,832,12,10575.962000000001,9766.520772710584
BEN,2016,761,13,10575.962000000001,10282.793123823698
BEN,2017,11,0,10575.962000000001,10551.074963574463
BFA,1970,1,1,5624.592000000001,5923.688799297034
BFA,1971,1761,495,5624.592000000001,6062.90229863136
BFA,1972,1,0,5624.592000000001,6205.387475302779
BFA,1973,1118,249,6154.554,6351.221217491399
BFA,1974,632,66,6154.554,6500.482220337855
BFA,1975,3,3,6154.554,6653.2510284090895
BFA,1978,1,0,6822.837000000001,7133.4383909470125
BFA,1984,2191,117,7727.907999999999,8200.284588184211
BFA,1985,1149,156,7727.907999999999,8393.000706761133
BFA,1991,537,61,8811.033,9648.22159698158
BFA,1995,1451,113,10089.880000000001,10587.675192609924
BFA,1996,425,58,10089.880000000001,10836.497736014453
BFA,1998,1036,52,11607.951000000003,11351.823096309678
BFA,1999,93,7,11607.951000000003,11618.603994261142
BFA,2000,617,14,11607.951000000003,11891.654550126403
BFA,2001,477,7,11607.951000000003,12171.122108076781
BFA,2003,1,NA,13421.935000000001,12749.915002085047
BFA,2005,1050,16,13421.935000000001,13356.232163057433
BFA,2006,0,0,13421.935000000001,13670.118979252264
BFA,2008,0,0,15605.210999999996,14320.196076103359
BFA,2011,20,2,15605.210999999996,15353.732486415876
BFA,2012,143,7,15605.210999999996,15714.562857439205
CAF,1997,443,75,3222.6620000000003,3232.2573819910053
CAF,1998,22,3,3640.4210000000003,3298.34378181419
CAF,2004,320,48,4038.379999999999,3724.2242282979423
CAF,2005,0,0,4038.379999999999,3800.36933133144
CAF,2006,0,0,4038.379999999999,3878.0712892588854
CAF,2011,117,15,4386.765,4291.071057620374
CAF,2012,21,0,4386.765,4378.805852245211
CAF,2017,0,0,4493.171,4845.131937504671
CIV,1970,868,39,5102.0700000000015,5328.519087184245
CIV,1971,668,9,5102.0700000000015,5516.831626308047
CIV,1979,3,0,8033.652000000002,7283.755500820797
CIV,1982,34,0,8033.652000000002,8083.60288428489
CIV,1991,604,116,11924.873000000001,11049.784379392064
CIV,1992,37,7,11924.873000000001,11440.289305659024
CIV,1993,724,42,14199.759000000002,11844.594872029427
CIV,1994,1108,55,14199.759000000002,12263.188800051423
CIV,1995,4993,184,14199.759000000002,12696.576047597639
CIV,1996,1345,22,14199.759000000002,13145.27941800538
CIV,2001,5912,305,16454.659999999996,15638.166777236507
CIV,2002,4188,143,16454.659999999996,16190.82744052392
CIV,2003,1034,50,18354.513,16763.019409052937
CIV,2004,105,9,18354.513,17355.432928954284
CIV,2005,39,6,18354.513,17968.782640003414
CIV,2006,414,15,18354.513,18603.808437704145
CIV,2007,8,1,18354.513,19261.276365838778
CIV,2008,7,1,20532.943999999996,19941.979540561395
CIV,2009,5,2,20532.943999999996,20646.73910714876
CIV,2010,32,0,20532.943999999996,21376.405230564756
CIV,2011,1261,24,20532.943999999996,22131.858121028952
CIV,2012,424,19,20532.943999999996,22914.00909583217
CIV,2013,56,2,23226.148,23723.801678675714
CIV,2014,235,12,23226.148,24562.212737862086
CIV,2015,199,6,23226.148,25430.253664709922
CMR,1971,2167,336,6519.753999999999,7015.3078918692045
CMR,1972,362,27,6519.753999999999,7207.165264608347
CMR,1973,206,16,7451.057000000001,7404.269627507023
CMR,1974,83,16,7451.057000000001,7606.76447729575
CMR,1975,3,0,7451.057000000001,7814.797235109738
CMR,1976,135,27,7451.057000000001,8028.519353814606
CMR,1978,3,0,8621.409,8473.658308596745
CMR,1979,16,4,8621.409,8705.399216570408
CMR,1980,229,23,8621.409,8943.47786516013
CMR,1981,243,17,8621.409,9188.067581364747
CMR,1982,5,3,8621.409,9439.346432397628
CMR,1983,55,18,10070.806,9697.497355323389
CMR,1984,392,60,10070.806,9962.708290241013
CMR,1985,1158,103,10070.806,10235.172317108238
CMR,1986,165,12,10070.806,10515.087796308979
CMR,1987,94,6,10070.806,10802.658513063898
CMR,1988,4,0,11780.086,11098.093825791468
CMR,1989,4,2,11780.086,11401.608818525747
CMR,1990,16,0,11780.086,11713.424457502491
CMR,1991,4026,491,11780.086,12033.767752028463
CMR,1992,1268,66,11780.086,12362.871919749039
CMR,1993,648,19,13599.984000000004,12700.976556436939
CMR,1994,527,61,13599.984000000004,13048.32781042305
CMR,1995,615,21,13599.984000000004,13405.178561799052
CMR,1996,5796,485,13599.984000000004,13771.788606519494
CMR,1997,1709,180,13599.984000000004,14148.42484554017
CMR,1998,4603,316,15513.944000000003,14535.36147912818
CMR,1999,1584,35,15513.944000000003,14932.880206486021
CMR,2000,123,29,15513.944000000003,15341.270430836124
CMR,2001,259,7,15513.944000000003,15760.829470112541
CMR,2002,66,8,15513.944000000003,16191.862773416433
CMR,2003,207,36,17733.408000000007,16634.684143389502
CMR,2004,8005,137,17733.408000000007,17089.61596467079
CMR,2005,2847,110,17733.408000000007,17556.989438599532
CMR,2006,922,35,17733.408000000007,18037.144824338568
CMR,2007,10,1,17733.408000000007,18530.431686590866
CMR,2008,0,0,20341.236000000004,19037.20915009065
CMR,2009,804,89,20341.236000000004,19557.846161055786
CMR,2010,10759,657,20341.236000000004,20092.72175578848
CMR,2011,22433,783,20341.236000000004,20642.225336623913
CMR,2012,363,5,20341.236000000004,21206.75695542344
CMR,2013,29,0,23298.375999999997,21786.727604822976
CMR,2014,3355,184,23298.375999999997,22382.55951744514
CMR,2015,124,6,23298.375999999997,22994.686473294307
COD,1978,3481,183,26358.905,25516.571466971604
COD,1979,5515,511,26358.905,26259.647663925254
COD,1980,1051,81,26358.905,27024.363219254254
COD,1981,2379,800,26358.905,27811.34829959902
COD,1982,10328,693,26358.905,28621.251422883997
COD,1983,2977,245,29881.222,29454.73999272966
COD,1984,162,3,29881.222,30312.500848430303
COD,1985,740,30,29881.222,31195.240830945866
COD,1986,1059,125,29881.222,32103.68736537613
COD,1987,1150,218,29881.222,33038.58906039957
COD,1988,295,32,34612.023,34000.71632516529
COD,1989,99,6,34612.023,34990.86200415327
COD,1990,468,61,34612.023,36009.84203051894
COD,1991,4066,294,34612.023,37058.49609846776
COD,1992,1949,59,34612.023,38137.688355206294
COD,1993,986,175,41576.239,39248.30811304795
COD,1994,58057,4181,41576.239,40391.27058225189
COD,1995,553,22,41576.239,41567.51762520759
COD,1996,7886,638,41576.239,42778.01853257769
COD,1997,2421,326,41576.239,44023.77082204753
COD,1998,34899,2926,47105.83,45305.80106033239
COD,1999,12711,783,47105.83,46625.16570912257
COD,2000,14995,941,47105.83,47982.9519956667
COD,2001,5728,390,47105.83,49380.27880870274
COD,2002,31658,1979,47105.83,50818.29762048497
COD,2003,27272,989,54785.894,52298.1934356562
COD,2004,7665,228,54785.894,53821.185767757925
COD,2005,13430,244,54785.894,55388.52964417206
COD,2006,20642,426,54785.894,57001.51664033377
COD,2007,28269,600,54785.894,58661.47594405588
COD,2008,30150,548,64563.853,60369.77545085405
COD,2009,22899,237,64563.853,62127.822891162876
COD,2010,13884,182,64563.853,63937.066990384104
COD,2011,21700,584,64563.853,65798.99866271297
COD,2012,33661,819,64563.853,67715.15223972996
COD,2013,26944,491,76244.532,69687.10673477562
COD,2014,22203,372,76244.532,71716.4871441385
COD,2015,19182,276,76244.532,73804.96578614315
COD,2016,28093,759,76244.532,75954.26367922606
COD,2017,56190,1190,76244.532,78166.15196015139
COG,1978,51,14,1777.932,1702.3323754373414
COG,1979,5,0,1777.932,1750.4890275879497
COG,1997,275,60,2707.532,2892.2112212523743
COG,1998,3222,22,3127.4199999999996,2974.0279168269712
COG,1999,4813,20,3127.4199999999996,3058.1590946999413
COG,2000,9,2,3127.4199999999996,3144.6702284066296
COG,2005,0,0,3622.7749999999987,3615.349435106323
COG,2006,175,10,3622.7749999999987,3717.6227206652525
COG,2007,7785,133,3622.7749999999987,3822.789177445046
COG,2008,156,4,4273.737999999999,3930.9306492983537
COG,2009,93,0,4273.737999999999,4042.13129532833
COG,2011,762,NA,4273.737999999999,4274.05871740822
COG,2012,1181,37,4273.737999999999,4394.965986690828
COG,2013,1624,221,4856.092999999999,4519.2935570811005
COG,2016,15,2,4856.092999999999,4913.779394102808
ETH,1970,850,72,28415.079999999998,28931.510365488208
ETH,1971,2187,124,28415.079999999998,29726.735193566714
ETH,1979,NA,0,35141.703,36928.02471493649
ETH,1982,0,0,35141.703,40057.551670527144
ETH,2004,16,0,76346.31000000001,72737.5679308644
ETH,2005,0,0,76346.31000000001,74736.86624685103
ETH,2006,54070,575,76346.31000000001,76791.11819780256
ETH,2007,24121,272,76346.31000000001,78901.83426465707
ETH,2008,3862,23,87639.96200000001,81070.56644612788
ETH,2009,31509,434,87639.96200000001,83298.90939988024
ETH,2010,1682,21,87639.96200000001,85588.50161507496
GAB,1979,5,2,726.335,774.542048085786
GAB,1981,7,0,726.335,811.2406323579069
GAB,2002,6,NA,1228.359,1319.0127570646166
GAB,2003,629,0,1390.5500000000002,1349.8992112729595
GAB,2005,0,0,1390.5500000000002,1413.858798859202
GAB,2006,0,0,1390.5500000000002,1446.966200447349
GAB,2008,2,0,1624.1460000000002,1515.5249199865448
GHA,1970,2733,180,8735.493,8651.703731967133
GHA,1971,13048,641,8735.493,8881.420351679808
GHA,1972,625,32,8735.493,9117.236316331526
GHA,1973,677,39,9985.946,9359.313573319678
GHA,1974,483,37,9985.946,9607.818370004912
GHA,1975,187,10,9985.946,9862.921367882125
GHA,1976,102,0,9985.946,10124.797759782874
GHA,1977,6565,353,9985.946,10393.627390189364
GHA,1978,1853,120,11056.112,10669.594878743652
GHA,1979,1783,113,11056.112,10952.889747035533
GHA,1980,260,21,11056.112,11243.706548757182
GHA,1981,943,62,11056.112,11542.245003313637
GHA,1982,11051,1225,11056.112,11848.710132980434
GHA,1983,14160,819,12783.617000000002,12163.31240370382
GHA,1984,1015,92,12783.617000000002,12486.267869638627
GHA,1985,60,0,12783.617000000002,12817.79832152434
GHA,1990,2937,60,14773.273999999998,14612.259142376088
GHA,1991,13172,409,14773.273999999998,15000.238074681502
GHA,1992,228,23,14773.273999999998,15398.518470329864
GHA,1993,1448,38,17014.058,15807.373849706353
GHA,1994,2267,54,17014.058,16227.084995601368
GHA,1995,4698,93,17014.058,16657.940146039153
GHA,1996,1665,70,17014.058,17100.23519222575
GHA,1997,379,12,17014.058,17554.27388175397
GHA,1998,3426,108,19278.850000000006,18020.3680272026
GHA,1999,9432,260,19278.850000000006,18498.83772027497
GHA,2000,3331,74,19278.850000000006,18990.011551622465
GHA,2001,5487,160,19278.850000000006,19494.22683650605
GHA,2002,3614,65,19278.850000000006,20011.829846448105
GHA,2003,204,4,21814.648,20543.17604703568
GHA,2004,407,6,21814.648,21088.63034203781
GHA,2005,3166,51,21814.648,21648.567324003827
GHA,2006,3357,107,21814.648,22223.371531516877
GHA,2007,179,18,21814.648,22813.43771327653
GHA,2008,1223,25,24779.614,23419.17109919387
GHA,2009,1294,9,24779.614,24040.987678684676
GHA,2010,438,3,24779.614,24679.31448635084
GHA,2011,10628,105,24779.614,25334.58989524883
GHA,2012,9548,100,24779.614,26007.263917943164
GHA,2013,50,0,27849.203,26697.79851555438
GHA,2014,28944,243,27849.203,27406.66791501163
GHA,2015,692,8,27849.203,28134.358934730717
GHA,2016,175,0,27849.203,28881.371318937523
GHA,2017,0,0,27849.203,29648.218080869196
GIN,1970,2000,60,4154.606,4257.510269801219
GIN,1986,286,58,5470.7159999999985,6000.13438923497
GIN,1994,31415,671,7269.630999999998,7123.010990220068
GIN,1995,6506,565,7269.630999999998,7277.403310824119
GIN,1996,287,17,7269.630999999998,7435.142107896423
GIN,1998,881,53,8240.735,7760.950845157481
GIN,1999,599,28,8240.735,7929.170606817685
GIN,2000,519,32,8240.735,8101.036556783683
GIN,2001,392,22,8240.735,8276.627726728157
GIN,2002,61,11,8240.735,8456.024861347254
GIN,2003,6,1,9109.585,8639.310455490162
GIN,2004,1516,117,9109.585,8826.568792094413
GIN,2005,3821,107,9109.585,9017.885980942474
GIN,2006,3242,219,9109.585,9213.349998259384
GIN,2007,8546,311,9109.585,9413.050727167658
GIN,2008,513,32,10192.168000000001,9617.079999020101
GIN,2009,42,0,10192.168000000001,9825.53163562745
GIN,2011,3,0,10192.168000000001,10256.087502437724
GIN,2012,7350,133,10192.168000000001,10478.389721540525
GIN,2013,319,32,11432.095999999998,10705.510374242596
GIN,2014,1,0,11432.095999999998,10937.553900807336
GMB,1985,2,0,755.7909999999999,800.6477421833157
GMB,1994,1,0,1128.577,1061.5524778572476
GMB,1995,15,0,1128.577,1095.3491557329214
GMB,1996,7,0,1128.577,1130.2218194493794
GMB,2005,214,13,1543.745,1498.5238947818339
GMB,2006,0,0,1543.745,1546.2324446814655
GMB,2007,12,1,1543.745,1595.45989310614
GMB,2008,1,0,1793.199,1646.254597273468
GNB,1986,200,50,872.1629999999999,959.1258690602735
GNB,1987,6000,68,872.1629999999999,976.8890962325416
GNB,1994,15296,285,1088.85,1110.7923092649658
GNB,1995,119,0,1088.85,1131.3644330780858
GNB,1996,8397,84,1088.85,1152.3175572588282
GNB,1997,20555,905,1088.85,1173.6587380198357
GNB,1998,126,2,1201.3050000000003,1195.3951622564066
GNB,2002,842,6,1201.3050000000003,1286.4417425536546
GNB,2003,290,2,1344.931,1310.2669334425723
GNB,2004,155,3,1344.931,1334.5333722342257
GNB,2005,25111,399,1344.931,1359.2492309391896
GNB,2006,37,0,1344.931,1384.4228329154876
GNB,2007,153,8,1344.931,1410.062655671637
GNB,2008,14323,225,1522.603,1436.1773337215238
GNB,2009,5,0,1522.603,1462.7756614921457
GNB,2012,3068,22,1522.603,1545.5629486749472
GNB,2013,969,28,1737.207,1574.1871226775124
GNB,2014,11,2,1737.207,1603.34142283122
GNQ,1984,404,31,352.11600000000004,424.06277901303446
GNQ,1985,108,1,352.11600000000004,435.33835341159494
GNQ,2004,59,1,749.527,716.7466291962662
GNQ,2005,6391,33,749.527,735.804491244969
GNQ,2006,0,0,749.527,755.369090390264
KEN,1971,239,38,11301.394,11994.063798803965
KEN,1972,51,0,11301.394,12388.795073414696
KEN,1974,402,20,13575.897999999997,13217.657631686423
KEN,1975,1093,74,13575.897999999997,13652.658056216676
KEN,1976,1359,59,13575.897999999997,14101.974585356056
KEN,1977,21,0,13575.897999999997,14566.078370026566
KEN,1978,673,17,16417.203000000005,15045.456066988103
KEN,1979,1070,2,16417.203000000005,15540.61034914343
KEN,1980,2808,42,16417.203000000005,16052.06043263849
KEN,1981,2424,108,16417.203000000005,16580.342621310498
KEN,1982,3498,91,16417.203000000005,17126.01086905195
KEN,1983,1049,53,19877.078000000005,17689.6373606846
KEN,1984,14,0,19877.078000000005,18271.813111949232
KEN,1985,1352,102,19877.078000000005,18873.148589241322
KEN,1986,839,45,19877.078000000005,19494.274349743933
KEN,1987,255,12,19877.078000000005,20135.841702625035
KEN,1989,918,32,23724.574000000004,21483.014302356336
KEN,1992,3388,100,23724.574000000004,23674.638780351204
KEN,1994,880,28,27768.297,25258.571806069584
KEN,1995,1547,39,27768.297,26089.84537698812
KEN,1996,482,14,27768.297,26948.47662097753
KEN,1997,17200,555,27768.297,27835.36589419256
KEN,1998,22432,1237,31964.557,28751.443184006665
KEN,1999,11039,350,31964.557,29697.669084193443
KEN,2000,1157,78,31964.557,30675.035802197755
KEN,2001,1001,55,31964.557,31684.568199560752
KEN,2002,291,10,31964.557,32727.32486658339
KEN,2004,870,15,36624.897,34916.920711341554
KEN,2005,816,21,36624.897,36066.05588763135
KEN,2006,870,11,36624.897,37253.009738262546
KEN,2007,1206,67,36624.897,38479.026896728064
KEN,2008,3091,113,42030.68400000001,39745.39295809925
KEN,2009,11425,264,42030.68400000001,41053.43582709077
KEN,2010,3188,63,42030.68400000001,42404.52711049659
KEN,2011,74,2,42030.68400000001,43800.08355544841
KEN,2014,35,9,47878.33900000002,48268.419977298305
KEN,2015,13291,67,47878.33900000002,49856.9603803421
KEN,2016,5866,80,47878.33900000002,51497.78052681346
KEN,2017,4288,82,47878.33900000002,53192.600971990665
LBR,1970,168,27,1400.73,1414.9486943284744
LBR,1971,606,106,1400.73,1449.2540374556775
LBR,1972,947,28,1400.73,1484.3911114942396
LBR,1973,1336,27,1600.4540000000002,1520.3800817084195
LBR,1974,512,12,1600.4540000000002,1557.2416022680113
LBR,1975,704,16,1600.4540000000002,1594.9968281019042
LBR,1976,646,10,1600.4540000000002,1633.667427038924
LBR,1977,512,18,1600.4540000000002,1673.2755922430244
LBR,1978,422,9,1852.991,1713.8440549500742
LBR,1979,438,6,1852.991,1755.3960975133436
LBR,1980,2690,55,1852.991,1797.955566765273
LBR,1981,1582,33,1852.991,1841.546887703323
LBR,1982,670,8,1852.991,1886.1950775074479
LBR,1983,183,12,2145.7560000000003,1931.9257598976133
LBR,1984,492,8,2145.7560000000003,1978.765179839284
LBR,1985,355,3,2145.7560000000003,2026.7402186054383
LBR,1986,59,0,2145.7560000000003,2075.878409203903
LBR,1987,33,1,2145.7560000000003,2126.2079521785117
LBR,1988,68,1,2075.9170000000004,2177.7577317935716
LBR,1989,28,0,2075.9170000000004,2230.557332610585
LBR,1991,132,40,2075.9170000000004,2340.027939865917
LBR,1994,764,17,2044.657,2514.3893094313244
LBR,1995,3420,126,2044.657,2575.3505219198973
LBR,1996,8922,169,2044.657,2637.789735215321
LBR,1997,91,0,2044.657,2701.74278335529
LBR,1998,2123,17,2848.447,2767.246369171458
LBR,1999,215,0,2848.447,2834.3380853534068
LBR,2000,365,10,2848.447,2903.0564360231424
LBR,2001,1062,0,2848.447,2973.440858832652
LBR,2002,1115,0,2848.447,3045.531747597428
LBR,2003,34740,38,3218.1139999999996,3119.3704754784226
LBR,2004,2786,4,3218.1139999999996,3194.9994187263674
LBR,2005,3823,18,3218.1139999999996,3272.46198100156
LBR,2006,4929,17,3218.1139999999996,3351.8026182832746
LBR,2007,3063,7,3218.1139999999996,3433.0668643833087
LBR,2008,1236,3,3891.357,3516.3013570778967
LBR,2009,1070,2,3891.357,3601.5538648731845
LBR,2010,1546,0,3891.357,3688.8733144198804
LBR,2011,1146,NA,3891.357,3778.3098185921945
LBR,2012,219,0,3891.357,3869.914705247934
LBR,2013,92,0,4472.228999999999,3963.7405466856303
LBR,2014,44,0,4472.228999999999,4059.84118981584
LBR,2017,0,0,4472.228999999999,4362.350171873051
MDG,1971,2,0,6576.305000000002,6946.821971966261
MDG,1996,0,0,13475.403000000002,14001.128241389295
MDG,1999,9973,549,15766.805999999999,15229.591594190751
MDG,2000,29305,1672,15766.805999999999,15662.581063963808
MDG,2001,7219,413,15766.805999999999,16107.880770670869
MDG,2002,27,0,15766.805999999999,16565.840704194023
MDG,2003,5,0,18336.721999999998,17036.82080490717
MDG,2005,0,0,18336.721999999998,18019.33272730769
MDG,2006,0,0,18336.721999999998,18531.636768752593
MLI,1970,2665,201,5949.042,6228.781412682668
MLI,1971,4792,1321,5949.042,6359.598460243381
MLI,1972,2,0,5949.042,6493.162931224292
MLI,1973,219,32,6482.282,6629.532527091615
MLI,1974,130,21,6482.282,6768.766161159425
MLI,1984,1795,406,7831.887999999998,8332.504601048737
MLI,1985,3759,838,7831.887999999998,8507.504103917114
MLI,1986,1916,151,7831.887999999998,8686.178951411202
MLI,1987,352,84,7831.887999999998,8868.606333225236
MLI,1995,2191,231,9585.66,10472.93042801582
MLI,1996,5723,761,9585.66,10692.883216070348
MLI,1997,6,3,9585.66,10917.455458947525
MLI,1999,6,3,10946.448,11380.848418438773
MLI,2000,1885,51,10946.448,11619.869326413604
MLI,2001,67,9,10946.448,11863.910158417699
MLI,2002,18,2,10946.448,12113.076343040851
MLI,2003,1455,119,12775.508999999998,12367.475523087154
MLI,2004,2839,205,12775.508999999998,12627.217602077984
MLI,2005,1178,76,12775.508999999998,12892.414791731753
MLI,2006,7,0,12775.508999999998,13163.181660440352
MLI,2008,153,5,15049.351999999999,13721.894789968466
MLI,2011,2220,95,15049.351999999999,14604.742375161506
MLI,2012,219,19,15049.351999999999,14911.47159735147
MLI,2013,23,2,17438.772000000004,15224.642755546089
MLI,2017,0,0,17438.772000000004,16544.495603851778
MOZ,1973,453,87,10165.216,9719.82930567723
MOZ,1974,1018,138,10165.216,9950.220154200852
MOZ,1975,11,3,10165.216,10186.071998119984
MOZ,1976,3,2,10165.216,10427.514280383064
MOZ,1977,18,3,10165.216,10674.679512147619
MOZ,1979,4564,547,11630.194,11186.724647940302
MOZ,1980,1212,85,11630.194,11451.88557852719
MOZ,1981,1753,132,11630.194,11723.331665969492
MOZ,1982,2301,199,11630.194,12001.211888461565
MOZ,1983,10745,447,12764.385,12285.678755454739
MOZ,1984,521,11,12764.385,12576.888391359002
MOZ,1985,3,0,12764.385,12875.000621229092
MOZ,1986,1,0,12764.385,13180.179058481634
MOZ,1989,371,12,12987.291999999998,14139.80647479551
MOZ,1990,4152,194,12987.291999999998,14474.964830898036
MOZ,1991,7847,328,12987.291999999998,14818.067505323948
MOZ,1992,30802,727,12987.291999999998,15169.302803667906
MOZ,1993,19803,507,15483.277,15528.863494966003
MOZ,1994,692,27,15483.277,15896.946917493085
MOZ,1996,0,0,15483.277,16659.494807928102
MOZ,1997,8739,259,15483.277,17054.377786226043
MOZ,1998,42672,1353,17711.925000000003,17458.620746224944
MOZ,1999,44329,1194,17711.925000000003,17872.44554924134
MOZ,2000,17649,238,17711.925000000003,18296.07931541014
MOZ,2001,8794,102,17711.925000000003,18729.75454833548
MOZ,2002,24375,342,17711.925000000003,19173.709262695513
MOZ,2003,13758,102,20493.926999999996,19628.18711487317
MOZ,2004,20080,110,20493.926999999996,20093.437536681988
MOZ,2005,2226,24,20493.926999999996,20569.715872262284
MOZ,2006,6306,29,20493.926999999996,21057.283518222255
MOZ,2007,2622,22,20493.926999999996,21556.40806710009
MOZ,2008,9087,102,23531.567000000003,22067.363454228114
MOZ,2009,19679,155,23531.567000000003,22590.430108076573
MOZ,2010,7430,117,23531.567000000003,23125.89510416178
MOZ,2011,1279,5,23531.567000000003,23674.05232260241
MOZ,2012,647,7,23531.567000000003,24235.202609409524
MOZ,2013,1869,19,27042.001000000004,24809.65394160138
MOZ,2014,480,1,27042.001000000004,25397.72159623029
MOZ,2015,8739,64,27042.001000000004,25999.728323416795
MOZ,2016,883,2,27042.001000000004,26616.004523485324
MOZ,2017,5892,10,27042.001000000004,27246.88842829759
MRT,1971,1139,53,1146.7760000000003,1175.329755861606
MRT,1972,148,24,1146.7760000000003,1208.8671120978545
MRT,1973,150,22,1330.594,1243.3614374380659
MRT,1984,166,15,1780.033,1694.355499769779
MRT,1985,259,20,1780.033,1742.7029560502374
MRT,1986,3734,113,1780.033,1792.429979091678
MRT,1987,1578,101,1780.033,1843.5759340354266
MRT,1988,575,38,2034.3469999999998,1896.1813092843465
MRT,1989,700,27,2034.3469999999998,1950.287748554561
MRT,1996,4534,148,2313.63,2374.818977925616
MRT,1997,462,7,2313.63,2442.583066822446
MRT,2002,80,0,2630.2169999999996,2811.535023610994
MRT,2003,34,8,3024.1979999999994,2891.760552818675
MRT,2005,4132,70,3024.1979999999994,3059.1444994460703
MRT,2006,25,0,3024.1979999999994,3146.4354221377193
MRT,2007,3,0,3024.1979999999994,3236.217140927973
MRT,2011,46,3,3494.2,3621.7042151113415
MWI,1973,371,20,5384.798000000001,5298.655890152382
MWI,1976,19,0,5384.798000000001,5753.626622764752
MWI,1977,577,0,5384.798000000001,5913.804929769181
MWI,1978,263,24,6250.433999999999,6078.4425268382965
MWI,1981,261,0,6250.433999999999,6600.369881041
MWI,1983,487,49,7268.271000000001,6972.987927135242
MWI,1988,6,0,9404.499,7999.180779827909
MWI,1989,8351,16,9404.499,8221.8742771198
MWI,1990,13457,481,9404.499,8450.767458492042
MWI,1991,8088,245,9404.499,8686.032920285066
MWI,1992,298,8,9404.499,8927.848063841851
MWI,1993,25193,524,9844.418,9176.395229276754
MWI,1994,107,11,9844.418,9431.861832968732
MWI,1995,1,0,9844.418,9694.440508881953
MWI,1996,1,0,9844.418,9964.32925382135
MWI,1997,130,15,9844.418,10241.73157673136
MWI,1998,1745,74,11148.751,10526.85665215149
MWI,1999,26508,648,11148.751,10819.919477943564
MWI,2000,2391,56,11148.751,11121.141037410773
MWI,2001,2395,42,11148.751,11430.748465929302
MWI,2002,32618,911,11148.751,11748.975222219355
MWI,2003,2736,34,12625.950000000003,12076.061264383798
MWI,2004,675,4,12625.950000000003,12412.253230848468
MWI,2005,1105,11,12625.950000000003,12757.804626339044
MWI,2006,4148,55,12625.950000000003,13112.976013035373
MWI,2007,475,5,12625.950000000003,13478.03520704828
MWI,2008,831,26,14539.609000000004,13853.257480365295
MWI,2009,5751,125,14539.609000000004,14238.925768419007
MWI,2010,1155,17,14539.609000000004,14635.33088343343
MWI,2011,120,4,14539.609000000004,15042.771733710839
MWI,2012,187,2,14539.609000000004,15461.555549022452
MWI,2015,693,11,16745.305,16789.166815219112
MWI,2016,1792,46,16745.305,17256.56946276604
MWI,2017,344,5,16745.305,17736.98438408096
NAM,2005,0,0,1938.3159999999998,1912.89765921264
NAM,2006,185,5,1938.3159999999998,1959.0393665021368
NAM,2007,14,0,1938.3159999999998,2006.2940748668914
NAM,2008,3496,38,2118.8769999999995,2054.6886314148164
NAM,2009,159,3,2118.8769999999995,2104.2505308427358
NAM,2013,3,0,2314.901,2314.745002288556
NAM,2014,485,13,2314.901,2370.5798169902237
NER,1970,16,8,4510.645,4545.403275862639
NER,1971,9265,2344,4510.645,4691.726716415154
NER,1972,51,12,4510.645,4842.760530933567
NER,1973,121,16,5184.94,4998.656353515699
NER,1974,286,75,5184.94,5159.570699591472
NER,1981,7,0,5989,6440.737144958373
NER,1984,3788,308,6915.993999999999,7082.986854419575
NER,1989,166,22,8026.592000000001,8298.849137982965
NER,1991,3238,367,8026.592000000001,8841.75432156099
NER,1994,732,83,9490.289,9723.425784988885
NER,1995,264,15,9490.289,10036.437640806365
NER,1996,3957,206,9490.289,10359.525824046796
NER,1997,259,13,9490.289,10693.014707006138
NER,1999,1186,85,11331.561,11392.544607596745
NER,2000,225,38,11331.561,11759.287935407454
NER,2001,81,1,11331.561,12137.837288397472
NER,2002,236,12,11331.561,12528.57272046271
NER,2003,292,11,13624.474,12931.88652001168
NER,2004,2178,57,13624.474,13348.183603813048
NER,2005,553,55,13624.474,13777.881923521749
NER,2006,1232,81,13624.474,14221.412885291782
NER,2007,24,2,13624.474,14679.22178289699
NER,2008,972,70,16464.025,15151.76824479454
NER,2010,1154,66,16464.025,16142.986832299937
NER,2011,2324,60,16464.025,16662.65411608958
NER,2012,5284,110,16464.025,17199.050279648916
NER,2013,585,13,20001.663,17752.713851045963
NER,2014,2059,80,20001.663,18324.20069438581
NER,2015,51,4,20001.663,18914.084567884027
NER,2016,38,6,20001.663,19522.95769990525
NGA,1970,15,4,55982.14199999999,58167.50386471651
NGA,1971,22931,2945,55982.14199999999,59631.035902236785
NGA,1972,1363,96,55982.14199999999,61131.39135287454
NGA,1973,157,27,63374.289000000004,62669.49671753317
NGA,1975,38,1,63374.289000000004,65862.78033586164
NGA,1976,112,25,63374.289000000004,67519.93050902105
NGA,1977,376,10,63374.289000000004,69218.77565288215
NGA,1978,197,20,73423.64600000001,70960.36483988818
NGA,1979,293,4,73423.64600000001,72745.77353782387
NGA,1980,138,25,73423.64600000001,74576.10427394096
NGA,1981,107,18,73423.64600000001,76452.48731578814
NGA,1982,248,18,73423.64600000001,78376.08136917917
NGA,1983,178,2,83562.776,80348.07429371371
NGA,1984,1667,185,83562.776,82369.68383630985
NGA,1985,30,0,83562.776,84442.15838318446
NGA,1986,91,23,83562.776,86566.7777307594
NGA,1987,1290,111,83562.776,88744.85387596447
NGA,1988,137,10,95212.45400000003,90977.73182641879
NGA,1989,1078,61,95212.45400000003,93266.79043100604
NGA,1991,59478,7654,95212.45400000003,98019.1393346487
NGA,1992,8687,686,95212.45400000003,100485.36430864899
NGA,1993,4160,266,107948.339,103013.64109889249
NGA,1994,2859,313,107948.339,105605.53096923117
NGA,1995,1059,87,107948.339,108262.63446592285
NGA,1996,12374,1193,107948.339,110986.59240600794
NGA,1997,1322,134,107948.339,113779.08689054308
NGA,1998,3464,187,122283.853,116641.8423433359
NGA,1999,26358,2085,122283.853,119576.62657581542
NGA,2000,2799,43,122283.853,122585.25187868677
NGA,2001,2312,119,122283.853,125669.57614106545
NGA,2002,5429,154,122283.853,128831.50399775579
NGA,2003,1933,87,138865.01400000002,132072.9880054099
NGA,2004,3186,185,138865.01400000002,135396.02984826601
NGA,2005,4477,174,138865.01400000002,138802.68157423308
NGA,2006,2028,127,138865.01400000002,142295.04686207618
NGA,2007,1661,48,138865.01400000002,145875.28232047547
NGA,2008,5410,247,158503.20300000004,149545.5988197852
NGA,2009,13691,431,158503.20300000004,153308.2628572841
NGA,2010,44456,1712,158503.20300000004,157165.5979567934
NGA,2011,23377,742,158503.20300000004,161119.98610349404
NGA,2012,597,18,158503.20300000004,165173.86921485534
NGA,2013,6600,229,181137.454,169329.75064857386
NGA,2014,35996,744,181137.454,173590.19674844094
NGA,2015,5290,186,181137.454,177957.83842912337
NGA,2016,768,32,181137.454,182435.3728007996
NGA,2017,12174,288,181137.454,187025.5648346855
RWA,1978,838,48,5153.314,4603.338051275279
RWA,1979,5,0,5153.314,4719.247895691203
RWA,1980,30,4,5153.314,4838.076294400309
RWA,1981,24,1,5153.314,4959.896735199992
RWA,1982,201,2,5153.314,5084.784556275137
RWA,1983,54,5,6146.884000000002,5212.816992789997
RWA,1984,161,13,6146.884000000002,5344.073224653217
RWA,1985,21,0,6146.884000000002,5478.6344254855685
RWA,1986,226,7,6146.884000000002,5616.583812820663
RWA,1987,101,6,6146.884000000002,5758.0066995697
RWA,1988,70,3,7288.882999999999,5902.990546782066
RWA,1989,1,0,7288.882999999999,6051.625017734428
RWA,1991,679,35,7288.882999999999,6360.215829204578
RWA,1992,503,35,7288.882999999999,6520.363013487636
RWA,1993,568,34,5836.489999999999,6684.542627065944
RWA,1994,10,0,5836.489999999999,6852.8562045752415
RWA,1995,3,0,5836.489999999999,7025.407837244704
RWA,1996,106,10,5836.489999999999,7202.304237270734
RWA,1997,274,16,5836.489999999999,7383.654803811665
RWA,1998,3220,74,7933.687999999998,7569.571690644113
RWA,1999,327,49,7933.687999999998,7760.169875523165
RWA,2000,1235,8,7933.687999999998,7955.567231288474
RWA,2001,157,2,7933.687999999998,8155.884598761325
RWA,2003,12,0,8840.220000000001,8571.778022298478
RWA,2004,586,0,8840.220000000001,8787.611281960388
RWA,2005,89,0,8840.220000000001,9008.879119589099
RWA,2006,405,21,8840.220000000001,9235.718375251443
RWA,2007,1453,21,8840.220000000001,9468.269334581513
RWA,2008,23,0,10039.338000000002,9706.675815538383
RWA,2009,67,0,10039.338000000002,9951.08525734837
RWA,2012,9,0,10039.338000000002,10721.861990115105
RWA,2016,355,0,11369.065999999999,11843.222821045541
SDN,1979,845,176,14507.466,13790.241977595566
SDN,1980,17,2,14507.466,14212.326168409087
SDN,1985,4457,239,17210.182000000004,16524.623036491867
SDN,1999,0,0,27275.019,25202.142773995816
SDN,2006,30662,1011,30949.514000000003,31123.642691883888
SDN,2007,13731,500,30949.514000000003,32076.258139975063
SDN,2008,17241,118,34545.013999999996,33058.03072114778
SDN,2009,13681,52,34545.013999999996,34069.85286099807
SEN,1971,265,60,4257.508000000001,4387.906943157697
SEN,1972,379,37,4257.508000000001,4510.078110187574
SEN,1978,315,8,5583.156999999999,5317.946850295305
SEN,1979,103,3,5583.156999999999,5466.012837409399
SEN,1981,428,0,5583.156999999999,5774.627264338122
SEN,1984,728,94,6471.328999999999,6270.5252573529315
SEN,1985,2988,474,6471.328999999999,6445.113597193572
SEN,1986,476,63,6471.328999999999,6624.562947421272
SEN,1987,3150,288,6471.328999999999,6809.008651679281
SEN,1988,390,1,7526.305999999999,6998.589821942961
SEN,1995,3332,160,8690.154999999999,8481.977667768595
SEN,1996,16107,765,8690.154999999999,8718.138808790174
SEN,1997,371,11,8690.154999999999,8960.875313095314
SEN,2004,1227,10,11090.123,10860.179868096979
SEN,2005,31719,458,11090.123,11162.556574309578
SEN,2006,365,10,11090.123,11473.352263777644
SEN,2007,3984,24,11090.123,11792.801343707735
SEN,2008,1283,20,12678.143,12121.144747835502
SEN,2009,4,0,12678.143,12458.630118141704
SEN,2010,3,0,12678.143,12805.511991628196
SEN,2011,5,NA,12678.143,13162.051992293398
SEN,2012,1,0,12678.143,13528.519028453644
SLE,1970,293,74,2744.8900000000012,2825.360410544509
SLE,1971,211,13,2744.8900000000012,2881.490531795159
SLE,1977,12,0,3037.1579999999994,3242.4795480261237
SLE,1986,8957,669,3805.303999999999,3870.5021968491287
SLE,1987,557,30,3805.303999999999,3947.395663891127
SLE,1994,9709,623,4303.953000000001,4530.165305766164
SLE,1995,10285,447,4303.953000000001,4620.163992995288
SLE,1998,2096,57,4584.57,4901.030615171223
SLE,1999,863,5,4584.57,4998.3971110193015
SLE,2004,513,42,5645.629000000001,5515.024727165197
SLE,2005,6,0,5645.629000000001,5624.589158478349
SLE,2006,2560,99,5645.629000000001,5736.330255391901
SLE,2007,2219,84,5645.629000000001,5850.291260709048
SLE,2008,62,1,6415.636,5966.516276317521
SLE,2012,23124,299,6415.636,6454.96951268625
SLE,2013,377,32,7171.909,6583.207389901487
SLE,2017,0,0,7171.909,7122.1464971402165
SOM,1970,43,10,3444.5689999999995,3814.873892782011
SOM,1971,89,10,3444.5689999999995,3926.7857745962697
SOM,1985,10199,1589,6648.628000000001,5886.206973493495
SOM,1986,15980,1945,6648.628000000001,6058.882799134305
SOM,1994,28334,1206,7491.647,7635.697846522439
SOM,1995,9255,191,7491.647,7859.69615917603
SOM,1996,10274,464,7491.647,8090.265612422105
SOM,1997,6814,252,7491.647,8327.598975073073
SOM,1998,4417,196,8872.250000000002,8571.89467094339
SOM,1999,17757,693,8872.250000000002,8823.356944743302
SOM,2000,7496,563,8872.250000000002,9082.196032838307
SOM,2001,2567,93,8872.250000000002,9348.62833901854
SOM,2002,2775,159,8872.250000000002,9622.876615424528
SOM,2003,11020,56,10446.856,9905.170148779896
SOM,2004,4490,26,10446.856,10195.744952087935
SOM,2007,41643,1182,10446.856,11119.622190365102
SOM,2008,1281,16,12043.885999999999,11445.823758060922
SOM,2009,208,3,12043.885999999999,11781.594667317508
SOM,2010,3510,103,12043.885999999999,12127.215641181683
SOM,2011,77636,1130,12043.885999999999,12482.97563789861
SOM,2012,22576,200,12043.885999999999,12849.172092497536
SOM,2013,6864,140,13797.204000000002,13226.11116546333
SOM,2014,2820,NA,13797.204000000002,13614.10799870381
SOM,2015,7536,84,13797.204000000002,14013.486979026124
SOM,2016,15619,548,13797.204000000002,14424.582009341362
SOM,2017,75414,1007,13797.204000000002,14847.736787826654
SSD,2014,6421,167,10715.657,9447.154014547656
SSD,2015,1818,47,10715.657,9658.56351058781
SSD,2016,4295,82,10715.657,9874.703952577025
SSD,2017,16088,353,10715.657,10095.681210166487
SWZ,1978,2,NA,587.8520000000001,537.9388917562865
SWZ,1981,238,17,587.8520000000001,575.8857140133291
SWZ,1982,538,13,587.8520000000001,589.1204413696014
SWZ,1992,2281,30,822.423,739.4042847038444
SWZ,1996,2,0,926.836,809.7540171024691
SWZ,1998,7,0,1005.432,847.4004402916277
SWZ,1999,7,0,1005.432,866.874987959573
SWZ,2000,141,16,1005.432,886.7970902768243
SWZ,2001,5612,107,1005.432,907.1770327281797
SWZ,2002,134,2,1005.432,928.0253371744817
SWZ,2003,32,13,1030.575,949.3527672849162
SWZ,2004,1075,16,1030.575,971.1703340940969
SWZ,2005,0,0,1030.575,993.4893016869236
SWZ,2006,18,0,1030.575,1016.3211930140478
SWZ,2007,0,0,1030.575,1039.67779584103
SWZ,2008,1,0,1064.841,1063.571168834144
SWZ,2009,19,0,1064.841,1088.0136477861154
TCD,1971,8230,2411,3643.608,3900.374717895252
TCD,1972,9,3,3643.608,4008.358476804335
TCD,1974,338,87,4088.568,4233.377510304772
TCD,1991,13915,1344,5963.25,6734.583935363093
TCD,1994,1094,43,7010.159,7309.563371544647
TCD,1996,7830,448,7010.159,7719.903637938806
TCD,1997,8801,443,7010.159,7933.632900774963
TCD,1998,4095,144,8355.654000000002,8153.279361536809
TCD,1999,217,18,8355.654000000002,8379.006840708329
TCD,2001,5244,226,8355.654000000002,8849.38293902892
TCD,2003,55,7,10096.630000000001,9346.164753215066
TCD,2004,5531,272,10096.630000000001,9604.917840913424
TCD,2005,90,14,10096.630000000001,9870.834632886352
TCD,2006,1668,71,10096.630000000001,10144.113459748454
TCD,2007,0,0,10096.630000000001,10424.958142993468
TCD,2009,67,6,11952.133999999998,11010.188735315416
TCD,2010,6395,175,11952.133999999998,11315.011131092653
TCD,2011,17267,458,11952.133999999998,11628.272682201557
TCD,2017,1266,86,14110.971000000003,13698.611171251683
TGO,1970,75,3,2115.522,2152.1129557112317
TGO,1971,335,26,2115.522,2211.0646710496476
TGO,1972,16,0,2115.522,2271.6312201876344
TGO,1974,58,8,2410.4510000000005,2397.7869687726397
TGO,1977,132,12,2410.4510000000005,2600.2777860343936
TGO,1978,6,6,2720.835,2671.505848407396
TGO,1988,1,0,3774.31,3500.4184432082284
TGO,1991,2396,81,3774.31,3796.025434385667
TGO,1992,753,53,3774.31,3900.007992657751
TGO,1993,19,2,4226.293,4006.8388912825512
TGO,1994,47,5,4226.293,4116.596153371884
TGO,1995,65,4,4226.293,4229.359939284132
TGO,1996,146,17,4226.293,4345.21260516897
TGO,1997,42,7,4226.293,4464.238763115296
TGO,1998,3217,221,4924.406000000001,4586.5253429472505
TGO,1999,667,31,4924.406000000001,4712.161655712488
TGO,2000,338,23,4924.406000000001,4841.239458910059
TGO,2001,2551,130,4924.406000000001,4973.853023504513
TGO,2002,257,14,4924.406000000001,5110.099202776238
TGO,2003,384,28,5611.643,5250.077503057217
TGO,2004,1080,33,5611.643,5393.890156404981
TGO,2005,1320,15,5611.643,5541.642195266708
TGO,2006,1159,25,5611.643,5693.441529189141
TGO,2007,65,1,5611.643,5849.399023629182
TGO,2008,397,3,6421.673999999999,6009.6285809239225
TGO,2009,218,1,6421.673999999999,6174.247223478004
TGO,2010,72,3,6421.673999999999,6343.375179230349
TGO,2011,4,0,6421.673999999999,6517.135969461351
TGO,2012,61,1,6421.673999999999,6695.656499006033
TGO,2013,166,4,7323.161999999998,6879.0671489376355
TGO,2014,262,11,7323.161999999998,7067.50187179079
TGO,2015,35,1,7323.161999999998,7261.098289392318
TZA,1974,10,6,15885.228000000003,15421.264300023497
TZA,1977,297,26,15885.228000000003,16855.85267600209
TZA,1978,6608,733,18538.263000000006,17363.115021373305
TZA,1979,2559,305,18538.263000000006,17885.642989432232
TZA,1980,5196,587,18538.263000000006,18423.895985924577
TZA,1981,4241,330,18538.263000000006,18978.347242015647
TZA,1982,4071,324,18538.263000000006,19549.484230354574
TZA,1983,1816,127,21633.799000000006,20137.80909365893
TZA,1984,2600,338,21633.799000000006,20743.83908619859
TZA,1985,1984,250,21633.799000000006,21368.107028564347
TZA,1986,1231,215,21633.799000000006,22011.161776123176
TZA,1987,1892,232,21633.799000000006,22673.56870157037
TZA,1988,5267,580,25203.848000000005,23355.910192005245
TZA,1989,2150,232,25203.848000000005,24058.7861609643
TZA,1990,2230,81,25203.848000000005,24782.814575864566
TZA,1991,5676,572,25203.848000000005,25528.632001318874
TZA,1992,18526,2173,25203.848000000005,26296.894158803458
TZA,1993,792,74,29649.12800000001,27088.276503166537
TZA,1994,2240,155,29649.12800000001,27903.4748164873
TZA,1995,2957,96,29649.12800000001,28743.205819806593
TZA,1996,1464,36,29649.12800000001,29608.207803266076
TZA,1997,40249,2231,29649.12800000001,30499.241275212942
TZA,1998,14488,608,33499.177,31417.089630836832
TZA,1999,12266,584,33499.177,32362.559840930036
TZA,2000,4637,156,33499.177,33336.48316137402
TZA,2001,1300,52,33499.177,34339.71586397957
TZA,2002,11920,297,33499.177,35373.13998931873
TZA,2003,710,32,38450.323000000004,36437.66412221394
TZA,2004,10319,272,38450.323000000004,37534.224190563255
TZA,2005,2945,94,38450.323000000004,38663.78428820822
TZA,2006,14297,254,38450.323000000004,39827.3375225626
TZA,2007,1609,65,38450.323000000004,41025.906887751065
TZA,2008,2911,88,44346.53199999999,42260.54616402425
TZA,2009,7700,113,44346.53199999999,43532.3408442395
TZA,2010,4469,59,44346.53199999999,44842.409088226166
TZA,2011,942,11,44346.53199999999,46191.902705868786
TZA,2012,286,4,44346.53199999999,47582.00816977707
TZA,2013,270,17,51482.638000000006,49013.947658429395
TZA,2015,11563,144,51482.638000000006,52008.402432792915
TZA,2016,11360,172,51482.638000000006,53573.55043830646
TZA,2017,4895,99,51482.638000000006,55185.80022285097
UGA,1971,757,30,9405.606000000003,9624.029485998664
UGA,1975,3,0,10737.403000000002,10903.61237726159
UGA,1978,1120,110,12442.333000000002,11973.758601230751
UGA,1979,940,60,12442.333000000002,12353.324877748386
UGA,1980,1539,181,12442.333000000002,12744.923345916737
UGA,1982,190,48,12442.333000000002,13565.754622495779
UGA,1987,140,50,14559.357000000004,15856.625933784917
UGA,1991,279,28,17354.395000000004,17964.87667091592
UGA,1992,5072,104,17354.395000000004,18534.36045400949
UGA,1994,704,39,20413.157000000003,19728.05792390546
UGA,1995,538,66,20413.157000000003,20353.43427718615
UGA,1996,291,40,20413.157000000003,20998.634963138164
UGA,1997,2610,188,20413.157000000003,21664.288410009383
UGA,1998,49514,2064,23650.159,22351.04296712449
UGA,1999,5179,228,23650.159,23059.567536380884
UGA,2000,2807,172,23650.159,23790.552223761446
UGA,2001,247,4,23650.159,24544.709011500865
UGA,2002,2274,133,23650.159,25322.77245155941
UGA,2003,4377,129,27684.59,26125.5003810797
UGA,2004,3380,91,27684.59,26953.674660523342
UGA,2005,4924,98,27684.59,27808.101935206607
UGA,2006,5194,106,27684.59,28689.614420975635
UGA,2007,276,3,27684.59,29599.070714789425
UGA,2008,3726,120,32428.164000000004,30537.356630996215
UGA,2009,1095,23,32428.164000000004,31505.386064120656
UGA,2010,2341,78,32428.164000000004,32504.10187900101
UGA,2012,6326,135,32428.164000000004,34597.51450418877
UGA,2013,748,27,38225.447,35694.25030741208
UGA,2014,309,9,38225.447,36825.752464210214
UGA,2015,1461,33,38225.447,37993.12306255881
UGA,2016,516,11,38225.447,39197.49912644984
UGA,2017,252,0,38225.447,40440.05372335815
ZAF,1973,1,0,25195.184,23583.799306508663
ZAF,1974,37,0,25195.184,24103.83857845679
ZAF,1979,2,0,28556.771000000008,26881.184969416256
ZAF,1980,859,16,28556.771000000008,27473.933901804776
ZAF,1981,4180,52,28556.771000000008,28079.753362789696
ZAF,1982,11968,224,28556.771000000008,28698.931566669802
ZAF,1983,4715,63,32678.876000000004,29331.763083070182
ZAF,1984,1182,20,32678.876000000004,29978.54897708282
ZAF,1985,2742,4,32678.876000000004,30639.59695249537
ZAF,1986,120,1,32678.876000000004,31315.221498179475
ZAF,1987,37,0,32678.876000000004,32005.744037705717
ZAF,1991,10,0,36800.507,34923.49397838903
ZAF,1992,11,0,36800.507,35693.58145014741
ZAF,1993,78,2,41435.761,36480.64988934665
ZAF,1994,4,0,41435.761,37285.07373819677
ZAF,1998,20,1,44967.713,40684.10491084608
ZAF,1999,68,2,44967.713,41581.21788330364
ZAF,2000,19667,68,44967.713,42498.112824348274
ZAF,2001,106159,232,44967.713,43435.22594022541
ZAF,2002,10004,32,44967.713,44393.003055833055
ZAF,2003,3901,45,47880.59500000001,45371.89982682036
ZAF,2004,2767,35,47880.59500000001,46372.38195636135
ZAF,2005,3503,28,47880.59500000001,47394.92541671175
ZAF,2006,0,0,47880.59500000001,48440.0166756485
ZAF,2008,3907,22,51216.967,50599.8423316964
ZAF,2009,10520,57,51216.967,51715.60425049815
ZAF,2013,1,0,55386.369000000006,56430.17051886983
ZMB,1978,263,36,5851.818000000001,5363.820606609627
ZMB,1979,12,11,5851.818000000001,5526.355124056429
ZMB,1980,57,17,5851.818000000001,5693.814763221342
ZMB,1981,14,0,5851.818000000001,5866.3487651659725
ZMB,1982,1403,131,5851.818000000001,6044.110893255408
ZMB,1983,233,19,6923.148,6227.2595701928285
ZMB,1989,44,44,8036.848999999999,7448.764398986125
ZMB,1990,3717,315,8036.848999999999,7674.476893112467
ZMB,1991,13154,1091,8036.848999999999,7907.028928305737
ZMB,1992,11659,913,8036.848999999999,8146.627756371765
ZMB,1993,6766,426,9096.608,8393.486909261583
ZMB,1996,2172,42,9096.608,9179.859875423124
ZMB,1997,36,0,9096.608,9458.028032882114
ZMB,1998,171,0,10415.941999999995,9744.625243166984
ZMB,1999,13511,535,10415.941999999995,10039.90692347642
ZMB,2000,4504,303,10415.941999999995,10344.1362306622
ZMB,2001,3109,165,10415.941999999995,10657.584295756487
ZMB,2002,339,12,10415.941999999995,10980.530465605054
ZMB,2003,1049,29,11856.243999999999,11313.262551823185
ZMB,2004,12149,373,11856.243999999999,11656.077087295098
ZMB,2005,1503,7,11856.243999999999,12009.279590445874
ZMB,2006,5360,183,11856.243999999999,12373.184837521358
ZMB,2007,2286,35,11856.243999999999,12748.117143118598
ZMB,2008,2061,39,13605.986,13134.41064921737
ZMB,2009,4712,80,13605.986,13532.409622969039
ZMB,2010,6794,62,13605.986,13942.468763509905
ZMB,2011,330,7,13605.986,14364.953518071183
ZMB,2012,198,2,13605.986,14800.240407667818
ZMB,2017,1794,57,15879.369999999999,17182.703427149063
ZWE,1973,1,NA,6293.875000000002,5608.070030532921
ZWE,1974,37,0,6293.875000000002,5748.260877149531
ZWE,1975,615,33,6293.875000000002,5891.956222349048
ZWE,1976,144,9,6293.875000000002,6039.243671782097
ZWE,1985,144,6,8877.489000000001,7542.0590252203265
ZWE,1986,2,NA,8877.489000000001,7730.5958363196
ZWE,1992,2048,105,10432.409,8965.019072758958
ZWE,1993,5385,332,11410.721000000001,9189.127118290035
ZWE,1998,995,44,11881.482000000004,10396.555281978879
ZWE,1999,5637,385,11881.482000000004,10656.448949308584
ZWE,2000,1675,223,11881.482000000004,10922.839452992841
ZWE,2001,650,14,11881.482000000004,11195.8892013082
ZWE,2002,3125,192,11881.482000000004,11475.764662422584
ZWE,2003,1009,35,12076.697,11762.636465884196
ZWE,2004,119,9,12076.697,12056.679506648174
ZWE,2005,516,26,12076.697,12358.07305170373
ZWE,2006,789,61,12076.697,12667.00084936599
ZWE,2007,65,4,12076.697,12983.651241300675
ZWE,2008,60055,2928,12697.728000000001,13308.217277349224
ZWE,2009,68153,2706,12697.728000000001,13640.896833223474
ZWE,2010,951,21,12697.728000000001,13981.892731143305
ZWE,2011,1220,2,12697.728000000001,14331.412863490037
ZWE,2012,23,1,12697.728000000001,14689.67031955
ZWE,2015,60,0,13814.642000000003,15819.078227430173
ZWE,2016,10,1,13814.642000000003,16214.524425021089
