scenario,measure,year,median,mean,ci_lower,ci_upper,alloc_strategy
allDistrict_who030718_v2,cases,2018,155965.1373736271,156003.6523360092,154075.57883551353,158662.176540738,allDistrict
allDistrict_who030718_v2,cases,2019,315469.0166616513,315545.9589395553,311642.09294437774,320924.9592644975,allDistrict
allDistrict_who030718_v2,cases,2020,478695.9070233052,478811.10840952164,472881.2725799358,486975.76597612246,allDistrict
allDistrict_who030718_v2,cases,2021,645875.6050102538,646028.7921375936,638019.7834368462,657048.2975373672,allDistrict
allDistrict_who030718_v2,cases,2022,817289.6408486901,817480.4064783257,807335.3509281509,831428.84640008735,allDistrict
allDistrict_who030718_v2,cases,2023,993346.2811089631,993574.0162622867,981230.8001887415,1010532.5405708775,allDistrict
allDistrict_who030718_v2,cases,2024,1174194.5172012108,1174458.5418808046,1159852.9790949593,1194510.9495619156,allDistrict
allDistrict_who030718_v2,cases,2025,1359987.8052712576,1360287.3651409436,1343353.1317492288,1383520.1855180713,allDistrict
allDistrict_who030718_v2,cases,2026,1550884.2062557356,1551218.4683661745,1531887.03521703,1577721.044991776,allDistrict
allDistrict_who030718_v2,cases,2027,1747046.5304716728,1747414.5791877937,1725615.1420042068,1777279.156301157,allDistrict
allDistrict_who030718_v2,cases,2028,1948642.486989061,1949043.3194347094,1924702.7268826952,1982365.131136173,allDistrict
allDistrict_who030718_v2,cases,2029,2155844.834384544,2156277.356411187,2129320.0365307187,2193154.718436759,allDistrict
allDistrict_who030718_v2,cases,2030,2368824.7554751863,2369294.561820233,2339635.1718775453,2409828.9672531676,allDistrict
allDistrict_who030718_v2,cases,2031,2590464.9904274205,2590972.7646023803,2558492.969017302,2635315.329783077,allDistrict
allDistrict_who030718_v2,cases,2032,2820728.93183038,2821273.556112572,2785857.0313056777,2869574.8952946863,allDistrict
allDistrict_who030718_v2,cases,2033,3059504.5549651254,3060085.102886005,3021616.4221533905,3112494.0713310437,allDistrict
allDistrict_who030718_v2,cases,2034,3306594.88781803,3307210.682977527,3265576.368589335,3363872.920459795,allDistrict
allDistrict_who030718_v2,cases,2035,3561735.198827952,3562385.8623775835,3517475.220259303,3623442.6326973517,allDistrict
allDistrict_who030718_v2,cases_cf,2018,156990.30655965395,157028.2881428084,155087.62563293867,159704.29539925646,allDistrict
allDistrict_who030718_v2,cases_cf,2019,318512.28202542337,318587.63077762676,314646.36528378853,324018.54225616495,allDistrict
allDistrict_who030718_v2,cases_cf,2020,484699.053094294,484811.089792765,478807.4201521016,493078.1723971166,allDistrict
allDistrict_who030718_v2,cases_cf,2021,655687.7321026756,655835.709293737,647705.9154998197,667022.6720653353,allDistrict
allDistrict_who030718_v2,cases_cf,2022,831619.5392543757,831802.6376687739,821481.0212635951,845995.7059619576,allDistrict
allDistrict_who030718_v2,cases_cf,2023,1012639.9283109909,1012857.2536577894,1000276.076034738,1030145.2460572321,allDistrict
allDistrict_who030718_v2,cases_cf,2024,1198898.7156558158,1199149.294450664,1184238.7129504702,1219623.7021479916,allDistrict
allDistrict_who030718_v2,cases_cf,2025,1390550.2133865403,1390832.989616239,1373520.9919993884,1414588.058208133,allDistrict
allDistrict_who030718_v2,cases_cf,2026,1587753.366927485,1588067.1977573163,1568279.534341074,1615200.011677191,allDistrict
allDistrict_who030718_v2,cases_cf,2027,1790671.897320488,1791015.5490049645,1768675.6625111275,1821626.1184824223,allDistrict
allDistrict_who030718_v2,cases_cf,2028,1999474.448443628,1999846.5917514763,1974875.5451158418,2034037.942449987,allDistrict
allDistrict_who030718_v2,cases_cf,2029,2214334.735712976,2214733.941883201,2187050.3444604203,2252612.2070992687,allDistrict
allDistrict_who030718_v2,cases_cf,2030,2435428.5658256905,2435856.4397990857,2405376.3695854326,2477530.9565743697,allDistrict
allDistrict_who030718_v2,cases_cf,2031,2662936.2161439583,2663398.31011138,2630024.9503544476,2708981.716347921,allDistrict
allDistrict_who030718_v2,cases_cf,2032,2897052.845427072,2897549.326240151,2861191.1691327007,2947157.6623320435,allDistrict
allDistrict_who030718_v2,cases_cf,2033,3137973.950098701,3138504.9814716564,3099067.875654121,3192257.796029497,allDistrict
allDistrict_who030718_v2,cases_cf,2034,3385900.923090092,3386466.665650745,3343853.4665057096,3444487.1227491754,allDistrict
allDistrict_who030718_v2,cases_cf,2035,3641041.234100014,3641641.8450508015,3595752.318175677,3704056.8349867323,allDistrict
allDistrict_who030718_v2,casesAverted,2018,1025.1691860268188,1024.6358067992044,1012.043899645035,1042.118858518466,allDistrict
allDistrict_who030718_v2,casesAverted,2019,3043.2653637721046,3041.6718380714715,3004.263822877496,3093.5829916674465,allDistrict
allDistrict_who030718_v2,casesAverted,2020,6003.146070988822,5999.981383243307,5926.130988853074,6102.406420994173,allDistrict
allDistrict_who030718_v2,casesAverted,2021,9812.127092421733,9806.917156143396,9686.105531298934,9974.37452796815,allDistrict
allDistrict_who030718_v2,casesAverted,2022,14329.898405685695,14322.231190448201,14145.632483125892,14566.859561870135,allDistrict
allDistrict_who030718_v2,casesAverted,2023,19293.64720202773,19283.2373955027,19045.22620376047,19612.705486354735,allDistrict
allDistrict_who030718_v2,casesAverted,2024,24704.198454604753,24690.752569859174,24385.672063996288,25112.75258607568,allDistrict
allDistrict_who030718_v2,casesAverted,2025,30562.40811528248,30545.62447529529,30167.724110545307,31067.87269006204,allDistrict
allDistrict_who030718_v2,casesAverted,2026,36869.16067174972,36848.72939114177,36392.2420828538,37478.96668541463,allDistrict
allDistrict_who030718_v2,casesAverted,2027,43625.3668488151,43600.969817170924,43060.10442027373,44346.96218126502,allDistrict
allDistrict_who030718_v2,casesAverted,2028,50831.961454566845,50803.27231676701,50172.20094407546,51672.81131381391,allDistrict
allDistrict_who030718_v2,casesAverted,2029,58489.90132843281,58456.5854720138,57729.44325359023,59457.48866250982,allDistrict
allDistrict_who030718_v2,casesAverted,2030,66600.16344416872,66561.87797885289,65732.76283378828,67701.98932120232,allDistrict
allDistrict_who030718_v2,casesAverted,2031,72467.44350862812,72425.54550899984,71522.60251421436,73666.38656484349,allDistrict
allDistrict_who030718_v2,casesAverted,2032,76320.05177454004,76275.77012757922,75324.31205954979,77582.76703735684,allDistrict
allDistrict_who030718_v2,casesAverted,2033,78465.49442176944,78419.87858565165,77441.3812652098,79763.72469845321,allDistrict
allDistrict_who030718_v2,casesAverted,2034,79302.1220014845,79255.98267321786,78266.93074476004,80614.20228938035,allDistrict
allDistrict_who030718_v2,casesAverted,2035,79302.1220014845,79255.98267321786,78266.93074476004,80614.20228938035,allDistrict
allDistrict_who030718_v2,dalysAverted,2018,937.610596959187,936.3292313019093,929.7649495578629,944.675076595119,allDistrict
allDistrict_who030718_v2,dalysAverted,2019,2783.015936042473,2779.215010398078,2759.7436456095365,2804.0100115805267,allDistrict
allDistrict_who030718_v2,dalysAverted,2020,5489.0877810419825,5481.596106861505,5443.2054369735215,5530.548693932492,allDistrict
allDistrict_who030718_v2,dalysAverted,2021,9038.14937176838,9027.788398873483,8966.063612519845,9108.621096365225,allDistrict
allDistrict_who030718_v2,dalysAverted,2022,13246.50188396632,13232.926859473153,13143.078342012277,13352.246485567852,allDistrict
allDistrict_who030718_v2,dalysAverted,2023,17869.1134656144,17851.89216866508,17731.73646454563,18013.679465255515,allDistrict
allDistrict_who030718_v2,dalysAverted,2024,22906.27868049524,22885.207476201904,22731.16979355741,23093.483494804543,allDistrict
allDistrict_who030718_v2,dalysAverted,2025,28358.525764695347,28333.42170052317,28142.712033928387,28592.248184102005,allDistrict
allDistrict_who030718_v2,dalysAverted,2026,34755.8697972386,34728.882379986266,34491.53520195311,35059.08403666848,allDistrict
allDistrict_who030718_v2,dalysAverted,2027,41606.497545851875,41578.758319986904,41291.614510162355,41985.68016929706,allDistrict
allDistrict_who030718_v2,dalysAverted,2028,48911.93720329688,48883.79885531555,48542.852911050424,49372.976054130755,allDistrict
allDistrict_who030718_v2,dalysAverted,2029,56672.636140495306,56644.77199224071,56247.27592151549,57221.38895489749,allDistrict
allDistrict_who030718_v2,dalysAverted,2030,64889.93314676772,64862.46242682039,64404.368751986665,65532.14038832759,allDistrict
allDistrict_who030718_v2,dalysAverted,2031,71669.8903471417,71641.09859391721,71129.7492386037,72395.8924151827,allDistrict
allDistrict_who030718_v2,dalysAverted,2032,76119.0422150357,76091.82225449405,75544.90451088347,76902.56128794156,allDistrict
allDistrict_who030718_v2,dalysAverted,2033,78596.17834408926,78570.16337150127,78002.30341929212,79412.09002948248,allDistrict
allDistrict_who030718_v2,dalysAverted,2034,79562.05393780814,79536.51988960285,78960.48068401632,80390.62392157095,allDistrict
allDistrict_who030718_v2,dalysAverted,2035,79562.05393780814,79536.51988960285,78960.48068401632,80390.62392157095,allDistrict
allDistrict_who030718_v2,deathsAverted,2018,42.657149311283106,42.71719176286119,42.32713970128416,43.35713718315274,allDistrict
allDistrict_who030718_v2,deathsAverted,2019,126.62026606393181,126.79808159264527,125.63824241455241,128.69953598223475,allDistrict
allDistrict_who030718_v2,deathsAverted,2020,249.75050456507438,250.10076825030575,247.8087716826412,253.85523428427308,allDistrict
allDistrict_who030718_v2,deathsAverted,2021,408.1800368301997,408.7518588664931,404.99873532156585,414.89491439146946,allDistrict
allDistrict_who030718_v2,deathsAverted,2022,596.0595050746338,596.8935445782657,591.4030880911868,605.8750598702345,allDistrict
allDistrict_who030718_v2,deathsAverted,2023,802.4428995095441,803.5642710073927,796.1581854166141,815.6717795264104,allDistrict
allDistrict_who030718_v2,deathsAverted,2024,1027.3561672126514,1028.7899017156183,1019.2883428651286,1044.3125254951697,allDistrict
allDistrict_who030718_v2,deathsAverted,2025,1270.8263830021267,1272.5974319363906,1260.8189953616577,1291.8260691541293,allDistrict
allDistrict_who030718_v2,deathsAverted,2026,1532.8825584411106,1535.0148843266193,1520.7766391748598,1558.2424174564571,allDistrict
allDistrict_who030718_v2,deathsAverted,2027,1813.5540882562877,1816.0712111953983,1799.1887110239702,1843.576137667807,allDistrict
allDistrict_who030718_v2,deathsAverted,2028,2112.8702722705248,2115.79620252198,2096.083349567069,2147.856211695782,allDistrict
allDistrict_who030718_v2,deathsAverted,2029,2430.86179219468,2434.220398728082,2411.4894998249883,2471.123615785476,allDistrict
allDistrict_who030718_v2,deathsAverted,2030,2767.5599966926256,2771.3750092794658,2745.436767197386,2813.4104958382873,allDistrict
allDistrict_who030718_v2,deathsAverted,2031,3011.1218049385902,3015.266544514881,2986.9927388197434,3061.0156608615252,allDistrict
allDistrict_who030718_v2,deathsAverted,2032,3171.0381601083864,3175.3991041088343,3145.5890783899335,3223.5871824846654,allDistrict
allDistrict_who030718_v2,deathsAverted,2033,3260.084991208294,3264.566158148387,3233.8991988766065,3314.1127372904466,allDistrict
allDistrict_who030718_v2,deathsAverted,2034,3294.8057203458784,3299.333685245051,3268.3318749173823,3349.410156540144,allDistrict
allDistrict_who030718_v2,deathsAverted,2035,3294.8057203458784,3299.333685245051,3268.3318749173823,3349.410156540144,allDistrict
hrDistrict2_who030718_v2,cases,2018,141916.5429245307,142321.0803849678,140786.36506550366,145076.81033648152,hrDistrict2
hrDistrict2_who030718_v2,cases,2019,280196.9234412142,280640.631847853,277707.1627869778,284983.4197492169,hrDistrict2
hrDistrict2_who030718_v2,cases,2020,417745.6871417059,417914.993996951,413427.2088755214,423911.1190675525,hrDistrict2
hrDistrict2_who030718_v2,cases,2021,562785.7974124535,563018.049843954,557145.019036644,570989.467829726,hrDistrict2
hrDistrict2_who030718_v2,cases,2022,715868.6879117091,716401.5806728269,708423.5367535035,727781.054286308,hrDistrict2
hrDistrict2_who030718_v2,cases,2023,865663.1315429083,866729.8200073007,856842.3026626117,881671.636618837,hrDistrict2
hrDistrict2_who030718_v2,cases,2024,1017307.215019441,1018461.4610278651,1006675.0390706836,1035817.5300125338,hrDistrict2
hrDistrict2_who030718_v2,cases,2025,1168468.8654244344,1169380.4221237334,1157196.606174516,1189688.8005433152,hrDistrict2
hrDistrict2_who030718_v2,cases,2026,1330828.4857381636,1331963.5633766712,1319170.031173552,1355166.8586148305,hrDistrict2
hrDistrict2_who030718_v2,cases,2027,1503870.4013505504,1504880.8098978864,1489410.9640741516,1532442.590898589,hrDistrict2
hrDistrict2_who030718_v2,cases,2028,1674303.6962393268,1675589.5917419377,1657473.193620873,1707342.3366782917,hrDistrict2
hrDistrict2_who030718_v2,cases,2029,1847623.3936966863,1848408.7276569465,1828214.8128720804,1882386.3835628796,hrDistrict2
hrDistrict2_who030718_v2,cases,2030,2021493.178256175,2021253.8150949804,1996377.3321650845,2058347.611073812,hrDistrict2
hrDistrict2_who030718_v2,cases,2031,2217829.1250566076,2216726.0337773785,2188153.483542498,2257182.4638867793,hrDistrict2
hrDistrict2_who030718_v2,cases,2032,2432025.6021521688,2430282.6679983013,2398701.2896382264,2474270.9627428832,hrDistrict2
hrDistrict2_who030718_v2,cases,2033,2662675.9050509552,2660338.6926629697,2626254.6192803546,2708137.465950556,hrDistrict2
hrDistrict2_who030718_v2,cases,2034,2906621.741868349,2904033.027030281,2867766.586070428,2956152.5519109913,hrDistrict2
hrDistrict2_who030718_v2,cases,2035,3161889.8959007836,3159208.2064291793,3121402.3305028616,3215727.170526068,hrDistrict2
hrDistrict2_who030718_v2,cases_cf,2018,156990.30655965395,157028.2881428084,155087.62563293867,159704.29539925646,hrDistrict2
hrDistrict2_who030718_v2,cases_cf,2019,318512.28202542337,318587.63077762676,314646.36528378853,324018.54225616495,hrDistrict2
hrDistrict2_who030718_v2,cases_cf,2020,484699.053094294,484811.089792765,478807.4201521016,493078.1723971166,hrDistrict2
hrDistrict2_who030718_v2,cases_cf,2021,655687.7321026756,655835.709293737,647705.9154998197,667022.6720653353,hrDistrict2
hrDistrict2_who030718_v2,cases_cf,2022,831619.5392543757,831802.6376687739,821481.0212635951,845995.7059619576,hrDistrict2
hrDistrict2_who030718_v2,cases_cf,2023,1012639.9283109909,1012857.2536577894,1000276.076034738,1030145.2460572321,hrDistrict2
hrDistrict2_who030718_v2,cases_cf,2024,1198898.7156558158,1199149.294450664,1184238.7129504702,1219623.7021479916,hrDistrict2
hrDistrict2_who030718_v2,cases_cf,2025,1390550.2133865403,1390832.989616239,1373520.9919993884,1414588.058208133,hrDistrict2
hrDistrict2_who030718_v2,cases_cf,2026,1587753.366927485,1588067.1977573163,1568279.534341074,1615200.011677191,hrDistrict2
hrDistrict2_who030718_v2,cases_cf,2027,1790671.897320488,1791015.5490049645,1768675.6625111275,1821626.1184824223,hrDistrict2
hrDistrict2_who030718_v2,cases_cf,2028,1999474.448443628,1999846.5917514763,1974875.5451158418,2034037.942449987,hrDistrict2
hrDistrict2_who030718_v2,cases_cf,2029,2214334.735712976,2214733.941883201,2187050.3444604203,2252612.2070992687,hrDistrict2
hrDistrict2_who030718_v2,cases_cf,2030,2435428.5658256905,2435856.4397990857,2405376.3695854326,2477530.9565743697,hrDistrict2
hrDistrict2_who030718_v2,cases_cf,2031,2662936.2161439583,2663398.31011138,2630024.9503544476,2708981.716347921,hrDistrict2
hrDistrict2_who030718_v2,cases_cf,2032,2897052.845427072,2897549.326240151,2861191.1691327007,2947157.6623320435,hrDistrict2
hrDistrict2_who030718_v2,cases_cf,2033,3137973.950098701,3138504.9814716564,3099067.875654121,3192257.796029497,hrDistrict2
hrDistrict2_who030718_v2,cases_cf,2034,3385900.923090092,3386466.665650745,3343853.4665057096,3444487.1227491754,hrDistrict2
hrDistrict2_who030718_v2,cases_cf,2035,3641041.234100014,3641641.8450508015,3595752.318175677,3704056.8349867323,hrDistrict2
hrDistrict2_who030718_v2,casesAverted,2018,14687.819107090483,14707.20775784063,14245.768262455582,15169.664582110065,hrDistrict2
hrDistrict2_who030718_v2,casesAverted,2019,38039.695030368835,37946.99892977375,36831.38118504038,39266.80442124872,hrDistrict2
hrDistrict2_who030718_v2,casesAverted,2020,67339.7158509862,66896.09579581399,64722.158255651346,69724.40708655416,hrDistrict2
hrDistrict2_who030718_v2,casesAverted,2021,93391.92934389357,92817.65944978298,89845.4736897269,96856.20349128178,hrDistrict2
hrDistrict2_who030718_v2,casesAverted,2022,115313.02896965767,115401.05699594702,112355.74058386755,120057.62260407684,hrDistrict2
hrDistrict2_who030718_v2,casesAverted,2023,145781.79237479047,146127.4336504887,142764.28265802673,151075.39980388898,hrDistrict2
hrDistrict2_who030718_v2,casesAverted,2024,180141.0339787199,180687.8334227988,176792.57506382884,187035.4151431872,hrDistrict2
hrDistrict2_who030718_v2,casesAverted,2025,221362.4895150804,221452.56749250548,215596.93783190602,228493.03513045778,hrDistrict2
hrDistrict2_who030718_v2,casesAverted,2026,257003.73990768412,256103.6343806451,247855.69395689576,263606.9337076061,hrDistrict2
hrDistrict2_who030718_v2,casesAverted,2027,287546.78487406956,286134.7391070781,276544.4845336581,293629.274178857,hrDistrict2
hrDistrict2_who030718_v2,casesAverted,2028,325662.9638429716,324257.0000095386,313208.36749993585,331550.92569572135,hrDistrict2
hrDistrict2_who030718_v2,casesAverted,2029,367762.5318592556,366325.21422625426,353717.69143387565,375296.69136612926,hrDistrict2
hrDistrict2_who030718_v2,casesAverted,2030,415597.60140651325,414602.624704105,399414.83111922804,425447.3689499199,hrDistrict2
hrDistrict2_who030718_v2,casesAverted,2031,447028.35701720335,446672.2763340015,429763.6786459374,459693.74704639765,hrDistrict2
hrDistrict2_who030718_v2,casesAverted,2032,467449.3057590235,467266.65824185,449216.6092909623,481811.10946780397,hrDistrict2
hrDistrict2_who030718_v2,casesAverted,2033,477988.9794226998,478166.28880868683,459230.19005006354,493732.6265149173,hrDistrict2
hrDistrict2_who030718_v2,casesAverted,2034,482131.6114153288,482433.63862046413,463079.6866573999,498596.40662675764,hrDistrict2
hrDistrict2_who030718_v2,casesAverted,2035,482131.6114061546,482433.6386216223,463079.68666384526,498596.4066301333,hrDistrict2
hrDistrict2_who030718_v2,dalysAverted,2018,11811.535826681436,11817.619291980958,11495.753487975466,12126.205532044163,hrDistrict2
hrDistrict2_who030718_v2,dalysAverted,2019,30828.220175730887,30881.425622839277,30238.249557690833,31485.921300562783,hrDistrict2
hrDistrict2_who030718_v2,dalysAverted,2020,56456.484427391304,56324.06123423521,54874.436696923716,57567.71999050779,hrDistrict2
hrDistrict2_who030718_v2,dalysAverted,2021,79858.50134948935,79662.83881976678,77783.03162603045,81500.07605345544,hrDistrict2
hrDistrict2_who030718_v2,dalysAverted,2022,100257.57856797423,100285.69465835787,98568.27811103857,102456.10099156771,hrDistrict2
hrDistrict2_who030718_v2,dalysAverted,2023,127815.01508060124,128001.86717167492,125891.38577988413,130917.79948195288,hrDistrict2
hrDistrict2_who030718_v2,dalysAverted,2024,158087.94425254408,158289.6168956166,155633.0111800163,161677.59247916497,hrDistrict2
hrDistrict2_who030718_v2,dalysAverted,2025,195065.44472979108,195687.87715645583,190944.8254884632,200570.83248376078,hrDistrict2
hrDistrict2_who030718_v2,dalysAverted,2026,229684.82967858517,230754.69425959903,223858.006980395,239133.17612321558,hrDistrict2
hrDistrict2_who030718_v2,dalysAverted,2027,259431.73879850248,261377.58803464897,252676.97855779933,273042.96612718585,hrDistrict2
hrDistrict2_who030718_v2,dalysAverted,2028,297280.8486464438,299525.5066880549,289257.2617102637,313572.33143191563,hrDistrict2
hrDistrict2_who030718_v2,dalysAverted,2029,337957.9138078524,340588.4655912796,329399.51995935244,356103.38919145387,hrDistrict2
hrDistrict2_who030718_v2,dalysAverted,2030,384714.7499154415,388990.79343779763,375058.1914745348,410773.4531569229,hrDistrict2
hrDistrict2_who030718_v2,dalysAverted,2031,419872.05307694257,425592.2985762045,409484.81083547324,452194.0949814108,hrDistrict2
hrDistrict2_who030718_v2,dalysAverted,2032,442482.934608822,449086.29396373814,431442.038686306,478850.4725661403,hrDistrict2
hrDistrict2_who030718_v2,dalysAverted,2033,454563.90842495876,461735.4656040251,443082.0617350407,493701.12303412706,hrDistrict2
hrDistrict2_who030718_v2,dalysAverted,2034,459299.27323281777,466845.58005389053,447660.08016550547,500083.44144479925,hrDistrict2
hrDistrict2_who030718_v2,dalysAverted,2035,459299.27324031806,466845.58005552494,447660.08017855685,500083.441460061,hrDistrict2
hrDistrict2_who030718_v2,deathsAverted,2018,556.6299503167397,557.2070228363524,540.9485396195705,573.240275581036,hrDistrict2
hrDistrict2_who030718_v2,deathsAverted,2019,1448.2023041554235,1444.2623215700007,1403.26781934767,1497.6990563209138,hrDistrict2
hrDistrict2_who030718_v2,deathsAverted,2020,2574.8111075349134,2568.9944246004093,2500.952281478808,2668.64877839744,hrDistrict2
hrDistrict2_who030718_v2,deathsAverted,2021,3601.6321745075866,3599.3524969382233,3506.8738214246455,3744.65057954119,hrDistrict2
hrDistrict2_who030718_v2,deathsAverted,2022,4510.323867611396,4527.521588267067,4444.327014142248,4683.485398847924,hrDistrict2
hrDistrict2_who030718_v2,deathsAverted,2023,5725.372509734045,5738.339941054635,5639.306118645401,5904.971352432849,hrDistrict2
hrDistrict2_who030718_v2,deathsAverted,2024,7071.946700591343,7091.233712866854,6968.374812797425,7307.665511016748,hrDistrict2
hrDistrict2_who030718_v2,deathsAverted,2025,8705.093225440902,8738.137368591859,8515.727497099651,8985.40133348454,hrDistrict2
hrDistrict2_who030718_v2,deathsAverted,2026,10106.784106582214,10160.625034008179,9823.385332464542,10572.534524265262,hrDistrict2
hrDistrict2_who030718_v2,deathsAverted,2027,11315.845281672599,11420.639619743853,11014.615593084201,11989.439371533967,hrDistrict2
hrDistrict2_who030718_v2,deathsAverted,2028,12811.733780412078,12946.694255773313,12474.300120574344,13624.99294037858,hrDistrict2
hrDistrict2_who030718_v2,deathsAverted,2029,14469.453166387326,14605.97580835019,14074.964502498526,15345.650038979635,hrDistrict2
hrDistrict2_who030718_v2,deathsAverted,2030,16348.383101024174,16553.150078754064,15891.350519445257,17589.204362572833,hrDistrict2
hrDistrict2_who030718_v2,deathsAverted,2031,17589.8226896466,17842.022270013476,17096.983384749787,19079.6909039517,hrDistrict2
hrDistrict2_who030718_v2,deathsAverted,2032,18388.22817199109,18666.878768425104,17860.56280724439,20040.816576229474,hrDistrict2
hrDistrict2_who030718_v2,deathsAverted,2033,18810.36194931814,19110.623334105607,18265.136825301408,20577.447117001324,hrDistrict2
hrDistrict2_who030718_v2,deathsAverted,2034,18970.89750385358,19288.772022059024,18424.957886574364,20810.568230003606,hrDistrict2
hrDistrict2_who030718_v2,deathsAverted,2035,18970.89750379781,19288.77202210612,18424.957886893444,20810.56823001991,hrDistrict2
hrDistrict2Incid_who030718_v2,cases,2018,142036.83230292506,142421.8392023922,140878.19717961524,145128.8405143875,hrDistrict2Incid
hrDistrict2Incid_who030718_v2,cases,2019,281049.12607566995,281458.18699157157,278484.9190667878,285821.71535478526,hrDistrict2Incid
hrDistrict2Incid_who030718_v2,cases,2020,418615.0910162786,418638.0167043535,413994.23924514896,424519.04608895583,hrDistrict2Incid
hrDistrict2Incid_who030718_v2,cases,2021,563621.5202826117,563774.2283850891,557789.3974629721,571658.3687292828,hrDistrict2Incid
hrDistrict2Incid_who030718_v2,cases,2022,716411.7951758648,716881.0491165719,708843.5145741635,728206.4321673285,hrDistrict2Incid
hrDistrict2Incid_who030718_v2,cases,2023,865935.7884367513,866936.2201652444,857013.5805538811,881770.2432880994,hrDistrict2Incid
hrDistrict2Incid_who030718_v2,cases,2024,1017661.4758945948,1018818.5450114209,1007076.8264318975,1036124.9098611731,hrDistrict2Incid
hrDistrict2Incid_who030718_v2,cases,2025,1167921.082356159,1169380.7958514162,1157354.440111519,1189246.0900881586,hrDistrict2Incid
hrDistrict2Incid_who030718_v2,cases,2026,1330727.6147682918,1332205.7421566788,1319595.2462581736,1355080.861362895,hrDistrict2Incid
hrDistrict2Incid_who030718_v2,cases,2027,1503752.114456827,1504975.1761102949,1489690.6497643478,1532353.1425897973,hrDistrict2Incid
hrDistrict2Incid_who030718_v2,cases,2028,1674152.6064129132,1675547.0352067128,1657621.877815269,1707058.4327594878,hrDistrict2Incid
hrDistrict2Incid_who030718_v2,cases,2029,1847723.9226033534,1848646.7833910687,1828505.0209632847,1882505.7289332564,hrDistrict2Incid
hrDistrict2Incid_who030718_v2,cases,2030,2020803.6473555483,2021151.7134439622,1996749.2947334992,2057665.658541487,hrDistrict2Incid
hrDistrict2Incid_who030718_v2,cases,2031,2216484.0125686713,2216337.4153304626,2188549.728887881,2255837.4760322366,hrDistrict2Incid
hrDistrict2Incid_who030718_v2,cases,2032,2430227.3990187235,2429742.184492649,2399174.8759772447,2472512.66271434,hrDistrict2Incid
hrDistrict2Incid_who030718_v2,cases,2033,2660520.3383656624,2659682.473607902,2626662.8013062784,2706120.947167554,hrDistrict2Incid
hrDistrict2Incid_who030718_v2,cases,2034,2904439.299741907,2903262.5518377633,2868256.0258292328,2953878.203217028,hrDistrict2Incid
hrDistrict2Incid_who030718_v2,cases,2035,3159701.5178151056,3158437.731236662,3121594.151101487,3213462.265658554,hrDistrict2Incid
hrDistrict2Incid_who030718_v2,cases_cf,2018,156990.30655965395,157028.2881428084,155087.62563293867,159704.29539925646,hrDistrict2Incid
hrDistrict2Incid_who030718_v2,cases_cf,2019,318512.28202542337,318587.63077762676,314646.36528378853,324018.54225616495,hrDistrict2Incid
hrDistrict2Incid_who030718_v2,cases_cf,2020,484699.053094294,484811.089792765,478807.4201521016,493078.1723971166,hrDistrict2Incid
hrDistrict2Incid_who030718_v2,cases_cf,2021,655687.7321026756,655835.709293737,647705.9154998197,667022.6720653353,hrDistrict2Incid
hrDistrict2Incid_who030718_v2,cases_cf,2022,831619.5392543757,831802.6376687739,821481.0212635951,845995.7059619576,hrDistrict2Incid
hrDistrict2Incid_who030718_v2,cases_cf,2023,1012639.9283109909,1012857.2536577894,1000276.076034738,1030145.2460572321,hrDistrict2Incid
hrDistrict2Incid_who030718_v2,cases_cf,2024,1198898.7156558158,1199149.294450664,1184238.7129504702,1219623.7021479916,hrDistrict2Incid
hrDistrict2Incid_who030718_v2,cases_cf,2025,1390550.2133865403,1390832.989616239,1373520.9919993884,1414588.058208133,hrDistrict2Incid
hrDistrict2Incid_who030718_v2,cases_cf,2026,1587753.366927485,1588067.1977573163,1568279.534341074,1615200.011677191,hrDistrict2Incid
hrDistrict2Incid_who030718_v2,cases_cf,2027,1790671.897320488,1791015.5490049645,1768675.6625111275,1821626.1184824223,hrDistrict2Incid
hrDistrict2Incid_who030718_v2,cases_cf,2028,1999474.448443628,1999846.5917514763,1974875.5451158418,2034037.942449987,hrDistrict2Incid
hrDistrict2Incid_who030718_v2,cases_cf,2029,2214334.735712976,2214733.941883201,2187050.3444604203,2252612.2070992687,hrDistrict2Incid
hrDistrict2Incid_who030718_v2,cases_cf,2030,2435428.5658256905,2435856.4397990857,2405376.3695854326,2477530.9565743697,hrDistrict2Incid
hrDistrict2Incid_who030718_v2,cases_cf,2031,2662936.2161439583,2663398.31011138,2630024.9503544476,2708981.716347921,hrDistrict2Incid
hrDistrict2Incid_who030718_v2,cases_cf,2032,2897052.845427072,2897549.326240151,2861191.1691327007,2947157.6623320435,hrDistrict2Incid
hrDistrict2Incid_who030718_v2,cases_cf,2033,3137973.950098701,3138504.9814716564,3099067.875654121,3192257.796029497,hrDistrict2Incid
hrDistrict2Incid_who030718_v2,cases_cf,2034,3385900.923090092,3386466.665650745,3343853.4665057096,3444487.1227491754,hrDistrict2Incid
hrDistrict2Incid_who030718_v2,cases_cf,2035,3641041.234100014,3641641.8450508015,3595752.318175677,3704056.8349867323,hrDistrict2Incid
hrDistrict2Incid_who030718_v2,casesAverted,2018,14584.192077153008,14606.448940416207,14149.686867661627,15059.33847791988,hrDistrict2Incid
hrDistrict2Incid_who030718_v2,casesAverted,2019,37216.307233789805,37129.443786055184,36057.13571838279,38417.26087512214,hrDistrict2Incid
hrDistrict2Incid_who030718_v2,casesAverted,2020,66504.82032827442,66173.07308841149,63848.45439369189,69116.97942188068,hrDistrict2Incid
hrDistrict2Incid_who030718_v2,casesAverted,2021,92547.86621813395,92061.48090864795,89002.75306635533,96166.61090205054,hrDistrict2Incid
hrDistrict2Incid_who030718_v2,casesAverted,2022,114882.09569565646,114921.58855220192,111832.5445306056,119600.21084548018,hrDistrict2Incid
hrDistrict2Incid_who030718_v2,casesAverted,2023,145679.61046943214,145921.03349254507,142528.1569042403,150865.29092994652,hrDistrict2Incid
hrDistrict2Incid_who030718_v2,casesAverted,2024,179811.35463979695,180330.749439243,176384.41433759968,186684.68298537022,hrDistrict2Incid
hrDistrict2Incid_who030718_v2,casesAverted,2025,221397.79211441614,221452.19376482276,215323.25990950412,228312.73614583592,hrDistrict2Incid
hrDistrict2Incid_who030718_v2,casesAverted,2026,256750.24582452961,255861.45560063748,247460.94724279334,263254.5752190562,hrDistrict2Incid
hrDistrict2Incid_who030718_v2,casesAverted,2027,287572.70802657795,286040.37289466965,276327.34087479376,293453.90192130563,hrDistrict2Incid
hrDistrict2Incid_who030718_v2,casesAverted,2028,325797.5769633894,324299.5565447637,313129.5620842911,331521.5902105134,hrDistrict2Incid
hrDistrict2Incid_who030718_v2,casesAverted,2029,367585.2203152581,366087.1584921319,353396.49928145774,375060.8613164222,hrDistrict2Incid
hrDistrict2Incid_who030718_v2,casesAverted,2030,415972.04597567883,414704.7263551234,399254.588930352,425104.43257965037,hrDistrict2Incid
hrDistrict2Incid_who030718_v2,casesAverted,2031,448179.2444673389,447060.8947809177,429733.84929896006,459307.7882594782,hrDistrict2Incid
hrDistrict2Incid_who030718_v2,casesAverted,2032,468859.4707353343,467807.1417475021,449237.2481513173,481314.6734281124,hrDistrict2Incid
hrDistrict2Incid_who030718_v2,casesAverted,2033,479764.2621594573,478822.5078637546,459299.57976873737,493271.17965091736,hrDistrict2Incid
hrDistrict2Incid_who030718_v2,casesAverted,2034,484109.87059268786,483204.11381298146,463231.5474175806,498155.8239677342,hrDistrict2Incid
hrDistrict2Incid_who030718_v2,casesAverted,2035,484109.87059049075,483204.11381413956,463231.54742402595,498155.82397265,hrDistrict2Incid
hrDistrict2Incid_who030718_v2,dalysAverted,2018,11697.471748574477,11713.949884511574,11390.583536821796,12014.988811825811,hrDistrict2Incid
hrDistrict2Incid_who030718_v2,dalysAverted,2019,30470.723507584582,30504.646474855876,29879.740228061248,31101.365565032553,hrDistrict2Incid
hrDistrict2Incid_who030718_v2,dalysAverted,2020,56160.24569705663,55932.96839233334,54408.64074012187,57186.206550170726,hrDistrict2Incid
hrDistrict2Incid_who030718_v2,dalysAverted,2021,79460.99389942567,79209.45762890198,77286.02579924001,81059.88171047838,hrDistrict2Incid
hrDistrict2Incid_who030718_v2,dalysAverted,2022,100015.90876929983,100011.27650105208,98279.92832748889,102168.40973879855,hrDistrict2Incid
hrDistrict2Incid_who030718_v2,dalysAverted,2023,127687.55606074266,127897.93871393202,125817.2168889431,130737.22971712926,hrDistrict2Incid
hrDistrict2Incid_who030718_v2,dalysAverted,2024,158096.75798291626,158307.7443888458,155688.28129943408,161728.613203792,hrDistrict2Incid
hrDistrict2Incid_who030718_v2,dalysAverted,2025,195941.39831306765,196097.6769707657,191254.35646131058,200448.06017813986,hrDistrict2Incid
hrDistrict2Incid_who030718_v2,dalysAverted,2026,230156.15369324526,230901.09065945953,223791.04691221786,238950.35531680044,hrDistrict2Incid
hrDistrict2Incid_who030718_v2,dalysAverted,2027,259866.7397020039,261574.42106281273,252912.04582617446,273059.90035234473,hrDistrict2Incid
hrDistrict2Incid_who030718_v2,dalysAverted,2028,297642.6422571046,299748.00641898665,289590.3460741137,313641.1298730984,hrDistrict2Incid
hrDistrict2Incid_who030718_v2,dalysAverted,2029,338129.63682594476,340686.46101822244,329388.8525780033,356107.3096830204,hrDistrict2Incid
hrDistrict2Incid_who030718_v2,dalysAverted,2030,385743.3261349498,389508.6215056119,375104.0534871783,410722.3097588539,hrDistrict2Incid
hrDistrict2Incid_who030718_v2,dalysAverted,2031,421909.75503535813,426545.1945971299,409653.0822576048,452070.54230988683,hrDistrict2Incid
hrDistrict2Incid_who030718_v2,dalysAverted,2032,445170.67984974233,450305.99207712023,431634.9711969218,478663.2088128224,hrDistrict2Incid
hrDistrict2Incid_who030718_v2,dalysAverted,2033,457691.6353355585,463149.7448191317,443304.16069121874,493450.2978757871,hrDistrict2Incid
hrDistrict2Incid_who030718_v2,dalysAverted,2034,462753.9254769505,468408.530773948,447940.53557818086,499831.54778356006,hrDistrict2Incid
hrDistrict2Incid_who030718_v2,dalysAverted,2035,462753.9254767016,468408.5307755824,447940.5355912322,499831.54778886767,hrDistrict2Incid
hrDistrict2Incid_who030718_v2,deathsAverted,2018,552.0960110946849,552.869004437634,536.5830788091895,568.6450927151787,hrDistrict2Incid
hrDistrict2Incid_who030718_v2,deathsAverted,2019,1415.3109305034,1411.344009233069,1372.2697659778019,1463.9967224065208,hrDistrict2Incid
hrDistrict2Incid_who030718_v2,deathsAverted,2020,2542.658757473214,2540.449008903437,2468.017357153444,2643.842496534249,hrDistrict2Incid
hrDistrict2Incid_who030718_v2,deathsAverted,2021,3570.9603552344925,3571.138802185478,3479.986113098156,3718.7686877687597,hrDistrict2Incid
hrDistrict2Incid_who030718_v2,deathsAverted,2022,4491.823351704188,4509.680528914738,4427.743778061577,4667.292821001669,hrDistrict2Incid
hrDistrict2Incid_who030718_v2,deathsAverted,2023,5716.083248274768,5729.4446608999615,5631.338271483679,5895.778159403843,hrDistrict2Incid
hrDistrict2Incid_who030718_v2,deathsAverted,2024,7054.5030680638,7073.4511432835425,6950.167291903539,7288.861816667013,hrDistrict2Incid
hrDistrict2Incid_who030718_v2,deathsAverted,2025,8732.154025155662,8746.857214463198,8513.864996713366,8968.005140711315,hrDistrict2Incid
hrDistrict2Incid_who030718_v2,deathsAverted,2026,10116.985147446667,10158.710447934733,9808.837997356262,10552.52927093358,hrDistrict2Incid
hrDistrict2Incid_who030718_v2,deathsAverted,2027,11325.310228981925,11421.900248212649,11007.253723375197,11979.351843402468,hrDistrict2Incid
hrDistrict2Incid_who030718_v2,deathsAverted,2028,12821.731688938162,12950.131086621943,12474.591141947183,13618.540052229117,hrDistrict2Incid
hrDistrict2Incid_who030718_v2,deathsAverted,2029,14460.908277129063,14593.550835793709,14059.143884771125,15330.087425893376,hrDistrict2Incid
hrDistrict2Incid_who030718_v2,deathsAverted,2030,16380.964719826245,16566.037684483214,15884.81719563644,17573.737384965443,hrDistrict2Incid
hrDistrict2Incid_who030718_v2,deathsAverted,2031,17652.636131449304,17875.68534862626,17095.17790844326,19063.793121639086,hrDistrict2Incid
hrDistrict2Incid_who030718_v2,deathsAverted,2032,18469.60855688754,18713.510781004803,17861.59428844293,20023.985891612447,hrDistrict2Incid
hrDistrict2Incid_who030718_v2,deathsAverted,2033,18904.864007794466,19166.970400445458,18269.23001079239,20561.122690350574,hrDistrict2Incid
hrDistrict2Incid_who030718_v2,deathsAverted,2034,19079.87454894875,19352.891651341808,18433.909784996333,20797.583997187063,hrDistrict2Incid
hrDistrict2Incid_who030718_v2,deathsAverted,2035,19079.87454927277,19352.891651388905,18433.909785319716,20797.583997545,hrDistrict2Incid
optimumDistrict_who030718_v2,cases,2018,141546.6634183371,141513.45694600805,139746.00881473062,143670.4880258514,optimumDistrict
optimumDistrict_who030718_v2,cases,2019,278119.6621161528,278032.19338945794,275037.6159629243,281199.6590766348,optimumDistrict
optimumDistrict_who030718_v2,cases,2020,419498.232848134,419095.38750675577,414110.36789720505,423598.427952999,optimumDistrict
optimumDistrict_who030718_v2,cases,2021,558560.7471172698,558028.224410987,550992.0059990092,564235.6330626889,optimumDistrict
optimumDistrict_who030718_v2,cases,2022,702434.1363891083,701403.5814104348,689031.3574393992,710724.6692265396,optimumDistrict
optimumDistrict_who030718_v2,cases,2023,843467.7881022946,841749.6307137314,824351.3225749551,854226.7960673843,optimumDistrict
optimumDistrict_who030718_v2,cases,2024,981444.1910837397,979723.3551871964,960922.6326835718,995970.1999251908,optimumDistrict
optimumDistrict_who030718_v2,cases,2025,1130106.2935381192,1129199.9819974785,1108238.6983785112,1148668.0212187949,optimumDistrict
optimumDistrict_who030718_v2,cases,2026,1283059.9119953383,1282623.7502676686,1259349.1358542703,1305493.3198269205,optimumDistrict
optimumDistrict_who030718_v2,cases,2027,1445933.7341757263,1444826.5543406908,1416007.0289745913,1472215.77530863,optimumDistrict
optimumDistrict_who030718_v2,cases,2028,1606866.7208874198,1605011.2606068116,1570732.0996811204,1636176.0984603409,optimumDistrict
optimumDistrict_who030718_v2,cases,2029,1763626.3971440427,1763657.8491079316,1727747.9855174671,1799427.190349996,optimumDistrict
optimumDistrict_who030718_v2,cases,2030,1935602.7528821593,1936118.0142674264,1897699.3448321507,1975896.2544136946,optimumDistrict
optimumDistrict_who030718_v2,cases,2031,2132387.7038588235,2132654.798681262,2091593.5799073922,2176264.0640093787,optimumDistrict
optimumDistrict_who030718_v2,cases,2032,2347862.816540416,2347823.5338358544,2304467.1341891554,2395142.5124299563,optimumDistrict
optimumDistrict_who030718_v2,cases,2033,2579982.475014126,2579786.9122998137,2533774.399278543,2630860.396201732,optimumDistrict
optimumDistrict_who030718_v2,cases,2034,2825686.963276325,2825450.8595268494,2776191.710752397,2880619.3046689453,optimumDistrict
optimumDistrict_who030718_v2,cases,2035,3081002.568471927,3080626.0389262736,3028189.877043144,3140420.4850000455,optimumDistrict
optimumDistrict_who030718_v2,cases_cf,2018,156990.30655965395,157028.2881428084,155087.62563293867,159704.29539925646,optimumDistrict
optimumDistrict_who030718_v2,cases_cf,2019,318512.28202542337,318587.63077762676,314646.36528378853,324018.54225616495,optimumDistrict
optimumDistrict_who030718_v2,cases_cf,2020,484699.053094294,484811.089792765,478807.4201521016,493078.1723971166,optimumDistrict
optimumDistrict_who030718_v2,cases_cf,2021,655687.7321026756,655835.709293737,647705.9154998197,667022.6720653353,optimumDistrict
optimumDistrict_who030718_v2,cases_cf,2022,831619.5392543757,831802.6376687739,821481.0212635951,845995.7059619576,optimumDistrict
optimumDistrict_who030718_v2,cases_cf,2023,1012639.9283109909,1012857.2536577894,1000276.076034738,1030145.2460572321,optimumDistrict
optimumDistrict_who030718_v2,cases_cf,2024,1198898.7156558158,1199149.294450664,1184238.7129504702,1219623.7021479916,optimumDistrict
optimumDistrict_who030718_v2,cases_cf,2025,1390550.2133865403,1390832.989616239,1373520.9919993884,1414588.058208133,optimumDistrict
optimumDistrict_who030718_v2,cases_cf,2026,1587753.366927485,1588067.1977573163,1568279.534341074,1615200.011677191,optimumDistrict
optimumDistrict_who030718_v2,cases_cf,2027,1790671.897320488,1791015.5490049645,1768675.6625111275,1821626.1184824223,optimumDistrict
optimumDistrict_who030718_v2,cases_cf,2028,1999474.448443628,1999846.5917514763,1974875.5451158418,2034037.942449987,optimumDistrict
optimumDistrict_who030718_v2,cases_cf,2029,2214334.735712976,2214733.941883201,2187050.3444604203,2252612.2070992687,optimumDistrict
optimumDistrict_who030718_v2,cases_cf,2030,2435428.5658256905,2435856.4397990857,2405376.3695854326,2477530.9565743697,optimumDistrict
optimumDistrict_who030718_v2,cases_cf,2031,2662936.2161439583,2663398.31011138,2630024.9503544476,2708981.716347921,optimumDistrict
optimumDistrict_who030718_v2,cases_cf,2032,2897052.845427072,2897549.326240151,2861191.1691327007,2947157.6623320435,optimumDistrict
optimumDistrict_who030718_v2,cases_cf,2033,3137973.950098701,3138504.9814716564,3099067.875654121,3192257.796029497,optimumDistrict
optimumDistrict_who030718_v2,cases_cf,2034,3385900.923090092,3386466.665650745,3343853.4665057096,3444487.1227491754,optimumDistrict
optimumDistrict_who030718_v2,cases_cf,2035,3641041.234100014,3641641.8450508015,3595752.318175677,3704056.8349867323,optimumDistrict
optimumDistrict_who030718_v2,casesAverted,2018,15445.16402949689,15514.83119680034,15108.405142482852,16196.255352940741,optimumDistrict
optimumDistrict_who030718_v2,casesAverted,2019,40916.18141548307,40555.43738816882,38558.23676447987,42981.78599552103,optimumDistrict
optimumDistrict_who030718_v2,casesAverted,2020,66013.90859654825,65715.70228600917,62143.65496630877,69651.86207144028,optimumDistrict
optimumDistrict_who030718_v2,casesAverted,2021,99034.83451254637,97807.48488274995,91690.40086782261,102994.24943782817,optimumDistrict
optimumDistrict_who030718_v2,casesAverted,2022,132636.55608806608,130399.05625833911,121028.44430545524,135298.55337461742,optimumDistrict
optimumDistrict_who030718_v2,casesAverted,2023,174134.32509307,171107.62294405806,159049.67118372925,176713.72374547957,optimumDistrict
optimumDistrict_who030718_v2,casesAverted,2024,221402.67898160033,219425.93926346747,209915.3833938352,224568.7710503508,optimumDistrict
optimumDistrict_who030718_v2,casesAverted,2025,263042.05723131634,261633.00761876028,253529.25058845026,266814.0186361003,optimumDistrict
optimumDistrict_who030718_v2,casesAverted,2026,306937.4418896232,305443.44748964784,296980.67581916647,311333.98151258414,optimumDistrict
optimumDistrict_who030718_v2,casesAverted,2027,347605.0222309777,346188.9946642738,335906.80556362227,354087.72242567735,optimumDistrict
optimumDistrict_who030718_v2,casesAverted,2028,395841.13249810936,394835.33114466484,382628.1892968655,405547.5103850097,optimumDistrict
optimumDistrict_who030718_v2,casesAverted,2029,451077.68030217197,451076.09277526906,441581.093508229,461127.32983370597,optimumDistrict
optimumDistrict_who030718_v2,casesAverted,2030,499092.5734184502,499738.425531659,491281.1737377591,509615.8749950422,optimumDistrict
optimumDistrict_who030718_v2,casesAverted,2031,529596.6636452329,530743.5114301181,523218.2181941977,540271.5764857067,optimumDistrict
optimumDistrict_who030718_v2,casesAverted,2032,548388.191242313,549725.7924042967,542633.3527091789,558615.1999939609,optimumDistrict
optimumDistrict_who030718_v2,casesAverted,2033,557541.857461521,558718.0691718428,551489.0406467069,567100.7712709889,optimumDistrict
optimumDistrict_who030718_v2,casesAverted,2034,559844.7133168451,561015.8061238956,553815.0295675402,569492.7204772478,optimumDistrict
optimumDistrict_who030718_v2,casesAverted,2035,559844.7133070995,561015.8061245278,553815.0295642125,569492.7204660496,optimumDistrict
optimumDistrict_who030718_v2,dalysAverted,2018,13416.593067042984,13434.339235360134,13112.286634351834,13859.634154892745,optimumDistrict
optimumDistrict_who030718_v2,dalysAverted,2019,34248.56863963054,33958.10470871955,32750.475419714265,35124.982245635496,optimumDistrict
optimumDistrict_who030718_v2,dalysAverted,2020,55819.7616206837,55490.711371644495,53311.58852353181,57349.28022881805,optimumDistrict
optimumDistrict_who030718_v2,dalysAverted,2021,84479.5760353953,83868.72415956283,80292.74289080186,86209.75007017097,optimumDistrict
optimumDistrict_who030718_v2,dalysAverted,2022,113945.9992984149,113428.65864946299,106990.09870848463,119083.14088001418,optimumDistrict
optimumDistrict_who030718_v2,dalysAverted,2023,150246.31006588723,150702.2253951234,141857.38384313308,160741.70566468482,optimumDistrict
optimumDistrict_who030718_v2,dalysAverted,2024,191185.64031369836,193711.05927528033,188658.90157292527,204014.57580295886,optimumDistrict
optimumDistrict_who030718_v2,dalysAverted,2025,230444.91880385514,231925.07523936615,224857.0099606309,242664.07681806784,optimumDistrict
optimumDistrict_who030718_v2,dalysAverted,2026,274639.29802762455,275386.67482156307,266835.7674179702,287080.25410664454,optimumDistrict
optimumDistrict_who030718_v2,dalysAverted,2027,314206.2500329756,316242.40310312156,304947.4994936282,333490.6999851614,optimumDistrict
optimumDistrict_who030718_v2,dalysAverted,2028,362515.08656089386,365761.46372843103,352593.21644888417,387818.68980773067,optimumDistrict
optimumDistrict_who030718_v2,dalysAverted,2029,416598.3415097267,420962.40639249864,404293.13699055876,443219.00860859425,optimumDistrict
optimumDistrict_who030718_v2,dalysAverted,2030,463896.6193111554,469218.8838182992,450202.8065232617,491873.41362445505,optimumDistrict
optimumDistrict_who030718_v2,dalysAverted,2031,497910.9765774,504035.0166172717,483335.358365958,526744.7875490031,optimumDistrict
optimumDistrict_who030718_v2,dalysAverted,2032,518775.6370358489,525223.5783844932,503603.1489942357,547144.1721534926,optimumDistrict
optimumDistrict_who030718_v2,dalysAverted,2033,528523.7872592253,535122.0681609589,513064.56223161914,556458.5399879393,optimumDistrict
optimumDistrict_who030718_v2,dalysAverted,2034,531216.1388747978,537785.098038375,515786.3551555889,559255.5465473939,optimumDistrict
optimumDistrict_who030718_v2,dalysAverted,2035,531216.138886787,537785.0980396299,515786.35516060365,559255.5465524815,optimumDistrict
optimumDistrict_who030718_v2,deathsAverted,2018,630.9889857079545,633.8250783716262,617.4404723856975,661.8961588620323,optimumDistrict
optimumDistrict_who030718_v2,deathsAverted,2019,1594.0320738591195,1589.4190243470632,1529.137011680466,1682.8149335677024,optimumDistrict
optimumDistrict_who030718_v2,deathsAverted,2020,2565.7283043216185,2565.587114353772,2457.6462677664367,2712.166057999113,optimumDistrict
optimumDistrict_who030718_v2,deathsAverted,2021,3827.4698526456123,3823.1824770714443,3655.4605103112544,4002.264870217494,optimumDistrict
optimumDistrict_who030718_v2,deathsAverted,2022,5172.76973642116,5143.749940534629,4842.494306239188,5385.773898910584,optimumDistrict
optimumDistrict_who030718_v2,deathsAverted,2023,6803.7222258740785,6822.926592959032,6407.378895512669,7274.293374548325,optimumDistrict
optimumDistrict_who030718_v2,deathsAverted,2024,8649.476922178563,8769.962239671704,8523.83586386172,9230.891936449385,optimumDistrict
optimumDistrict_who030718_v2,deathsAverted,2025,10420.899280313306,10473.319699375317,10130.184826727298,10952.521494708335,optimumDistrict
optimumDistrict_who030718_v2,deathsAverted,2026,12218.396815115992,12229.434702105953,11814.81382414842,12747.253458183193,optimumDistrict
optimumDistrict_who030718_v2,deathsAverted,2027,13798.516662876737,13895.60073814928,13367.837956139341,14674.555628392773,optimumDistrict
optimumDistrict_who030718_v2,deathsAverted,2028,15771.234900053678,15908.114869595487,15284.092824433139,16905.8864326021,optimumDistrict
optimumDistrict_who030718_v2,deathsAverted,2029,17962.605679304488,18171.49873556124,17404.455195647162,19182.575209123974,optimumDistrict
optimumDistrict_who030718_v2,deathsAverted,2030,19888.600977441085,20133.514159580773,19255.827849399408,21168.87729171382,optimumDistrict
optimumDistrict_who030718_v2,deathsAverted,2031,21116.748280347114,21383.754169481166,20437.936359439635,22416.827325707734,optimumDistrict
optimumDistrict_who030718_v2,deathsAverted,2032,21869.925700423824,22142.8381907621,21159.480666052958,23138.061286536034,optimumDistrict
optimumDistrict_who030718_v2,deathsAverted,2033,22219.675808612177,22497.43136142383,21495.978426600133,23466.652772280166,optimumDistrict
optimumDistrict_who030718_v2,deathsAverted,2034,22315.617577765872,22590.396591551864,21588.68635801326,23563.522129201698,optimumDistrict
optimumDistrict_who030718_v2,deathsAverted,2035,22315.617577801197,22590.39659158916,21588.686358131727,23563.52212939265,optimumDistrict
optimumDistrictIncid_who030718_v2,cases,2018,124011.46293576626,124290.9035861458,122813.94532480068,126428.59471492717,optimumDistrictIncid
optimumDistrictIncid_who030718_v2,cases,2019,251526.4136692647,251677.06452165262,248167.72470370604,255319.5579958845,optimumDistrictIncid
optimumDistrictIncid_who030718_v2,cases,2020,385055.0017206135,384827.3356195208,379155.3932591986,389090.8689687227,optimumDistrictIncid
optimumDistrictIncid_who030718_v2,cases,2021,528208.1828986494,527200.0182742646,519792.0920069552,533873.3523767459,optimumDistrictIncid
optimumDistrictIncid_who030718_v2,cases,2022,674681.9961362996,674449.1632391674,663718.0310789597,686008.3098522497,optimumDistrictIncid
optimumDistrictIncid_who030718_v2,cases,2023,801368.6952019373,800885.7546445229,787735.5907591712,814303.4851793548,optimumDistrictIncid
optimumDistrictIncid_who030718_v2,cases,2024,936637.8718374564,935954.1485824627,920090.3968074933,951633.7532713796,optimumDistrictIncid
optimumDistrictIncid_who030718_v2,cases,2025,1082044.9663630142,1081121.299395016,1062243.9938779033,1100196.2111531587,optimumDistrictIncid
optimumDistrictIncid_who030718_v2,cases,2026,1241017.7598531335,1239363.617499069,1218157.6515357909,1261656.386308876,optimumDistrictIncid
optimumDistrictIncid_who030718_v2,cases,2027,1408848.5061441201,1405489.221739095,1380298.156428141,1433685.0918109235,optimumDistrictIncid
optimumDistrictIncid_who030718_v2,cases,2028,1552173.0008897847,1548628.0032327936,1520388.4703896276,1578705.261454184,optimumDistrictIncid
optimumDistrictIncid_who030718_v2,cases,2029,1705203.6317509057,1701812.3258136194,1669816.4111203125,1734698.6388738865,optimumDistrictIncid
optimumDistrictIncid_who030718_v2,cases,2030,1871557.1578564374,1867211.7811352517,1831473.7473978756,1903949.9466383015,optimumDistrictIncid
optimumDistrictIncid_who030718_v2,cases,2031,2062448.2457796587,2057670.0862556107,2018451.9291663116,2098302.091430901,optimumDistrictIncid
optimumDistrictIncid_who030718_v2,cases,2032,2274298.9848296456,2269409.6521733217,2227037.6055972273,2313583.960187196,optimumDistrictIncid
optimumDistrictIncid_who030718_v2,cases,2033,2506883.2524279733,2501712.879065483,2456111.8471204117,2550271.309812389,optimumDistrictIncid
optimumDistrictIncid_who030718_v2,cases,2034,2752135.7322932286,2746778.696277647,2697951.461927155,2799945.501657874,optimumDistrictIncid
optimumDistrictIncid_who030718_v2,cases,2035,3007400.7148378966,3001953.875677072,2949710.449592284,3059686.4851635224,optimumDistrictIncid
optimumDistrictIncid_who030718_v2,cases_cf,2018,156990.30655965395,157028.2881428084,155087.62563293867,159704.29539925646,optimumDistrictIncid
optimumDistrictIncid_who030718_v2,cases_cf,2019,318512.28202542337,318587.63077762676,314646.36528378853,324018.54225616495,optimumDistrictIncid
optimumDistrictIncid_who030718_v2,cases_cf,2020,484699.053094294,484811.089792765,478807.4201521016,493078.1723971166,optimumDistrictIncid
optimumDistrictIncid_who030718_v2,cases_cf,2021,655687.7321026756,655835.709293737,647705.9154998197,667022.6720653353,optimumDistrictIncid
optimumDistrictIncid_who030718_v2,cases_cf,2022,831619.5392543757,831802.6376687739,821481.0212635951,845995.7059619576,optimumDistrictIncid
optimumDistrictIncid_who030718_v2,cases_cf,2023,1012639.9283109909,1012857.2536577894,1000276.076034738,1030145.2460572321,optimumDistrictIncid
optimumDistrictIncid_who030718_v2,cases_cf,2024,1198898.7156558158,1199149.294450664,1184238.7129504702,1219623.7021479916,optimumDistrictIncid
optimumDistrictIncid_who030718_v2,cases_cf,2025,1390550.2133865403,1390832.989616239,1373520.9919993884,1414588.058208133,optimumDistrictIncid
optimumDistrictIncid_who030718_v2,cases_cf,2026,1587753.366927485,1588067.1977573163,1568279.534341074,1615200.011677191,optimumDistrictIncid
optimumDistrictIncid_who030718_v2,cases_cf,2027,1790671.897320488,1791015.5490049645,1768675.6625111275,1821626.1184824223,optimumDistrictIncid
optimumDistrictIncid_who030718_v2,cases_cf,2028,1999474.448443628,1999846.5917514763,1974875.5451158418,2034037.942449987,optimumDistrictIncid
optimumDistrictIncid_who030718_v2,cases_cf,2029,2214334.735712976,2214733.941883201,2187050.3444604203,2252612.2070992687,optimumDistrictIncid
optimumDistrictIncid_who030718_v2,cases_cf,2030,2435428.5658256905,2435856.4397990857,2405376.3695854326,2477530.9565743697,optimumDistrictIncid
optimumDistrictIncid_who030718_v2,cases_cf,2031,2662936.2161439583,2663398.31011138,2630024.9503544476,2708981.716347921,optimumDistrictIncid
optimumDistrictIncid_who030718_v2,cases_cf,2032,2897052.845427072,2897549.326240151,2861191.1691327007,2947157.6623320435,optimumDistrictIncid
optimumDistrictIncid_who030718_v2,cases_cf,2033,3137973.950098701,3138504.9814716564,3099067.875654121,3192257.796029497,optimumDistrictIncid
optimumDistrictIncid_who030718_v2,cases_cf,2034,3385900.923090092,3386466.665650745,3343853.4665057096,3444487.1227491754,optimumDistrictIncid
optimumDistrictIncid_who030718_v2,cases_cf,2035,3641041.234100014,3641641.8450508015,3595752.318175677,3704056.8349867323,optimumDistrictIncid
optimumDistrictIncid_who030718_v2,casesAverted,2018,33055.838498550336,32737.384556662615,29841.67793315439,35183.85455674106,optimumDistrictIncid
optimumDistrictIncid_who030718_v2,casesAverted,2019,67527.18296541099,66910.56625597415,61733.39174400067,70915.43713642593,optimumDistrictIncid
optimumDistrictIncid_who030718_v2,casesAverted,2020,100930.22172254362,99983.75417324415,94241.05723455652,104644.81184131521,optimumDistrictIncid
optimumDistrictIncid_who030718_v2,casesAverted,2021,129406.87093812317,128635.6910194723,122964.58414166328,134018.6677868853,optimumDistrictIncid
optimumDistrictIncid_who030718_v2,casesAverted,2022,157537.01097472842,157353.47442960643,154584.09212815808,160544.32472268658,optimumDistrictIncid
optimumDistrictIncid_who030718_v2,casesAverted,2023,212209.01467896908,211971.49901326653,208133.07414111283,216624.46821811513,optimumDistrictIncid
optimumDistrictIncid_who030718_v2,casesAverted,2024,263673.838093232,263195.14586820116,258006.8413299281,268917.5472565013,optimumDistrictIncid
optimumDistrictIncid_who030718_v2,casesAverted,2025,310099.01028547913,309711.690221223,304460.1979065937,315792.005802824,optimumDistrictIncid
optimumDistrictIncid_who030718_v2,casesAverted,2026,348776.8427644785,348703.5802582474,343870.09092203033,355139.1688054006,optimumDistrictIncid
optimumDistrictIncid_who030718_v2,casesAverted,2027,385358.4619389494,385526.3272658697,380066.18326997134,391701.862659854,optimumDistrictIncid
optimumDistrictIncid_who030718_v2,casesAverted,2028,450511.13949316053,451218.5885186827,445277.02556806366,458209.2927997639,optimumDistrictIncid
optimumDistrictIncid_who030718_v2,casesAverted,2029,512012.9470484952,512921.61606958124,506507.6273484255,521148.02573950303,optimumDistrictIncid
optimumDistrictIncid_who030718_v2,casesAverted,2030,567596.8355049526,568644.6586638337,561334.8133911325,578023.0799025298,optimumDistrictIncid
optimumDistrictIncid_who030718_v2,casesAverted,2031,604499.452467076,605728.2238557694,597867.641577057,615816.4243005686,optimumDistrictIncid
optimumDistrictIncid_who030718_v2,casesAverted,2032,626892.2736693497,628139.6740668293,620118.7454575114,638538.119229757,optimumDistrictIncid
optimumDistrictIncid_who030718_v2,casesAverted,2033,635494.9278833219,636792.1024061736,628466.4068525871,647404.2755586983,optimumDistrictIncid
optimumDistrictIncid_who030718_v2,casesAverted,2034,638381.6304952435,639687.9693730981,631282.1392235551,650315.9749319651,optimumDistrictIncid
optimumDistrictIncid_who030718_v2,casesAverted,2035,638381.6304972944,639687.9693737297,631282.1392249294,650315.9749349821,optimumDistrictIncid
optimumDistrictIncid_who030718_v2,dalysAverted,2018,23851.308795851102,23420.706371167213,21501.547476979955,24807.642291283235,optimumDistrictIncid
optimumDistrictIncid_who030718_v2,dalysAverted,2019,51378.25379373944,50677.025009639096,47182.95885600948,52962.901078677445,optimumDistrictIncid
optimumDistrictIncid_who030718_v2,dalysAverted,2020,80404.1357261235,79545.90255047152,75922.51581673614,81615.74661367081,optimumDistrictIncid
optimumDistrictIncid_who030718_v2,dalysAverted,2021,106517.27283576192,105841.472651805,102504.89776324885,108196.95491326349,optimumDistrictIncid
optimumDistrictIncid_who030718_v2,dalysAverted,2022,133060.34358490107,133498.6203592001,130062.15577181576,137587.87954539247,optimumDistrictIncid
optimumDistrictIncid_who030718_v2,dalysAverted,2023,178818.2314303689,179826.7726364278,174883.43557074326,185677.72477715948,optimumDistrictIncid
optimumDistrictIncid_who030718_v2,dalysAverted,2024,224001.4612406201,225204.59252806,219124.3737811057,232649.0202964422,optimumDistrictIncid
optimumDistrictIncid_who030718_v2,dalysAverted,2025,267203.6536223586,268644.90073341015,260972.73187003084,277770.21707028744,optimumDistrictIncid
optimumDistrictIncid_who030718_v2,dalysAverted,2026,307857.3031580681,309313.5615006796,300424.15760564036,319280.80205492297,optimumDistrictIncid
optimumDistrictIncid_who030718_v2,dalysAverted,2027,343471.9188159576,348827.7557713685,335715.7084080994,362360.4744926819,optimumDistrictIncid
optimumDistrictIncid_who030718_v2,dalysAverted,2028,404940.5118984431,410731.57962352707,395669.3875751236,426558.12601270375,optimumDistrictIncid
optimumDistrictIncid_who030718_v2,dalysAverted,2029,465703.5366854536,471179.05996337085,454774.52992387797,489245.4940981008,optimumDistrictIncid
optimumDistrictIncid_who030718_v2,dalysAverted,2030,522905.99840560555,528588.2266898986,510181.71002430434,548805.7154492162,optimumDistrictIncid
optimumDistrictIncid_who030718_v2,dalysAverted,2031,566089.1874585702,571670.8480878194,551844.1405132037,593621.9159343203,optimumDistrictIncid
optimumDistrictIncid_who030718_v2,dalysAverted,2032,592934.6149976668,597823.8309391502,577393.8337853263,620543.0326140927,optimumDistrictIncid
optimumDistrictIncid_who030718_v2,dalysAverted,2033,604212.6915867433,609118.1131293451,588115.8098838646,632441.4074132218,optimumDistrictIncid
optimumDistrictIncid_who030718_v2,dalysAverted,2034,608133.3246037918,613084.6900637969,591865.6838319793,636653.1066179618,optimumDistrictIncid
optimumDistrictIncid_who030718_v2,dalysAverted,2035,608133.3246043699,613084.6900649455,591865.6838368033,636653.1066213646,optimumDistrictIncid
optimumDistrictIncid_who030718_v2,deathsAverted,2018,1176.8711098202812,1170.3934241048557,1083.304670209888,1260.0348052576414,optimumDistrictIncid
optimumDistrictIncid_who030718_v2,deathsAverted,2019,2459.4657135811644,2445.51975075607,2286.643836607049,2591.1618424453213,optimumDistrictIncid
optimumDistrictIncid_who030718_v2,deathsAverted,2020,3780.2639257605606,3763.719543849334,3600.693919456792,3930.288083922216,optimumDistrictIncid
optimumDistrictIncid_who030718_v2,deathsAverted,2021,4919.85721631735,4916.568307093937,4764.817696325061,5106.710941870927,optimumDistrictIncid
optimumDistrictIncid_who030718_v2,deathsAverted,2022,6190.726127843225,6146.0447836762605,5955.807894751391,6315.261702882638,optimumDistrictIncid
optimumDistrictIncid_who030718_v2,deathsAverted,2023,8297.589734954116,8247.06467252153,7955.816145679397,8493.995084942608,optimumDistrictIncid
optimumDistrictIncid_who030718_v2,deathsAverted,2024,10321.64661437756,10261.665052796609,9900.604933637384,10584.937118261274,optimumDistrictIncid
optimumDistrictIncid_who030718_v2,deathsAverted,2025,12237.175879875915,12184.074470908958,11737.34344277742,12586.308601376368,optimumDistrictIncid
optimumDistrictIncid_who030718_v2,deathsAverted,2026,13867.046405028108,13808.12123815056,13297.501729381616,14247.134190738703,optimumDistrictIncid
optimumDistrictIncid_who030718_v2,deathsAverted,2027,15284.316589381011,15404.930921151767,14694.804077300289,16020.115123784899,optimumDistrictIncid
optimumDistrictIncid_who030718_v2,deathsAverted,2028,17824.719559463472,17949.881927045593,17130.523963430627,18665.357030708856,optimumDistrictIncid
optimumDistrictIncid_who030718_v2,deathsAverted,2029,20287.81457804462,20394.839684758444,19495.60161308532,21215.30622242701,optimumDistrictIncid
optimumDistrictIncid_who030718_v2,deathsAverted,2030,22597.46854501866,22703.02521954724,21706.342905478836,23624.73620240164,optimumDistrictIncid
optimumDistrictIncid_who030718_v2,deathsAverted,2031,24137.729700143955,24233.856288956533,23174.566983181092,25224.888487780234,optimumDistrictIncid
optimumDistrictIncid_who030718_v2,deathsAverted,2032,25091.71942452337,25159.189649416316,24074.4307394031,26173.185265059383,optimumDistrictIncid
optimumDistrictIncid_who030718_v2,deathsAverted,2033,25483.302126125705,25549.315849634215,24447.04378321397,26581.738596083287,optimumDistrictIncid
optimumDistrictIncid_who030718_v2,deathsAverted,2034,25618.43720198737,25686.479112752924,24572.497517749413,26724.203060278687,optimumDistrictIncid
optimumDistrictIncid_who030718_v2,deathsAverted,2035,25618.437202172907,25686.47911278656,24572.497517749856,26724.203060210315,optimumDistrictIncid
optimumSan_who030718_v2,cases,2018,151513.6011808478,151707.10919763683,150132.15828704878,154173.66631653637,optimumSan
optimumSan_who030718_v2,cases,2019,308746.55167766917,309036.7780316434,305712.3446594242,314157.58656218566,optimumSan
optimumSan_who030718_v2,cases,2020,471306.82012378465,471709.5789926823,466582.4314779571,479466.63655204553,optimumSan
optimumSan_who030718_v2,cases,2021,639023.1108669052,639300.7005839476,632230.1910533888,649813.6451168992,optimumSan
optimumSan_who030718_v2,cases,2022,810198.7094715962,810691.2687169069,801716.9775032973,824264.4524867435,optimumSan
optimumSan_who030718_v2,cases,2023,982190.3869013452,982948.4016467377,972276.2676213991,999475.4179520454,optimumSan
optimumSan_who030718_v2,cases,2024,1160420.7980290304,1161266.1703723327,1148568.8956944759,1180881.8193813334,optimumSan
optimumSan_who030718_v2,cases,2025,1345627.8859081664,1346579.8754468067,1331695.9186589983,1369138.1950091566,optimumSan
optimumSan_who030718_v2,cases,2026,1536262.972203591,1537076.8200613405,1519999.2429268672,1562774.563173284,optimumSan
optimumSan_who030718_v2,cases,2027,1731876.0208143848,1732914.9309625467,1713539.5902181447,1762144.9597841843,optimumSan
optimumSan_who030718_v2,cases,2028,1928481.1296760384,1929940.2636898684,1908481.7238244303,1962586.32088226,optimumSan
optimumSan_who030718_v2,cases,2029,2132941.1627095183,2134591.6946464716,2110739.3705781032,2170841.7109949808,optimumSan
optimumSan_who030718_v2,cases,2030,2345900.91395175,2347682.531942839,2321275.606421175,2387356.6787005407,optimumSan
optimumSan_who030718_v2,cases,2031,2568184.631813404,2570099.6713197054,2540965.6839524065,2613449.0451594014,optimumSan
optimumSan_who030718_v2,cases,2032,2799401.414814343,2801376.3691897253,2769285.0499635395,2848672.946341429,optimumSan
optimumSan_who030718_v2,cases,2033,3039462.606668869,3041477.5037595313,3006284.437555562,3092963.7379567227,optimumSan
optimumSan_who030718_v2,cases,2034,3287105.4008121574,3289216.1134454855,3250914.678173635,3345069.81472914,optimumSan
optimumSan_who030718_v2,cases,2035,3542192.217063445,3544391.292825244,3502781.651272362,3604562.130993442,optimumSan
optimumSan_who030718_v2,cases_cf,2018,156990.30655965395,157028.2881428084,155087.62563293867,159704.29539925646,optimumSan
optimumSan_who030718_v2,cases_cf,2019,318512.28202542337,318587.63077762676,314646.36528378853,324018.54225616495,optimumSan
optimumSan_who030718_v2,cases_cf,2020,484699.053094294,484811.089792765,478807.4201521016,493078.1723971166,optimumSan
optimumSan_who030718_v2,cases_cf,2021,655687.7321026756,655835.709293737,647705.9154998197,667022.6720653353,optimumSan
optimumSan_who030718_v2,cases_cf,2022,831619.5392543757,831802.6376687739,821481.0212635951,845995.7059619576,optimumSan
optimumSan_who030718_v2,cases_cf,2023,1012639.9283109909,1012857.2536577894,1000276.076034738,1030145.2460572321,optimumSan
optimumSan_who030718_v2,cases_cf,2024,1198898.7156558158,1199149.294450664,1184238.7129504702,1219623.7021479916,optimumSan
optimumSan_who030718_v2,cases_cf,2025,1390550.2133865403,1390832.989616239,1373520.9919993884,1414588.058208133,optimumSan
optimumSan_who030718_v2,cases_cf,2026,1587753.366927485,1588067.1977573163,1568279.534341074,1615200.011677191,optimumSan
optimumSan_who030718_v2,cases_cf,2027,1790671.897320488,1791015.5490049645,1768675.6625111275,1821626.1184824223,optimumSan
optimumSan_who030718_v2,cases_cf,2028,1999474.448443628,1999846.5917514763,1974875.5451158418,2034037.942449987,optimumSan
optimumSan_who030718_v2,cases_cf,2029,2214334.735712976,2214733.941883201,2187050.3444604203,2252612.2070992687,optimumSan
optimumSan_who030718_v2,cases_cf,2030,2435428.5658256905,2435856.4397990857,2405376.3695854326,2477530.9565743697,optimumSan
optimumSan_who030718_v2,cases_cf,2031,2662936.2161439583,2663398.31011138,2630024.9503544476,2708981.716347921,optimumSan
optimumSan_who030718_v2,cases_cf,2032,2897052.845427072,2897549.326240151,2861191.1691327007,2947157.6623320435,optimumSan
optimumSan_who030718_v2,cases_cf,2033,3137973.950098701,3138504.9814716564,3099067.875654121,3192257.796029497,optimumSan
optimumSan_who030718_v2,cases_cf,2034,3385900.923090092,3386466.665650745,3343853.4665057096,3444487.1227491754,optimumSan
optimumSan_who030718_v2,cases_cf,2035,3641041.234100014,3641641.8450508015,3595752.318175677,3704056.8349867323,optimumSan
optimumSan_who030718_v2,casesAverted,2018,5383.3129948053975,5321.178945171567,4938.765414148339,5567.521461160507,optimumSan
optimumSan_who030718_v2,casesAverted,2019,9672.247326443328,9550.852745983377,8891.860329110861,9964.451038256404,optimumSan
optimumSan_who030718_v2,casesAverted,2020,13258.573853092512,13101.51080008266,12174.454658120303,13709.355120777249,optimumSan
optimumSan_who030718_v2,casesAverted,2021,16753.230956881645,16535.0087097894,15375.79939837852,17417.21179849554,optimumSan
optimumSan_who030718_v2,casesAverted,2022,21443.623620620318,21111.368951867014,19640.798021069928,22017.97173803405,optimumSan
optimumSan_who030718_v2,casesAverted,2023,30366.566836788017,29908.852011051717,27862.473045764542,31045.37550720879,optimumSan
optimumSan_who030718_v2,casesAverted,2024,38396.18349785893,37883.124078331195,35480.57622517736,39245.17055352469,optimumSan
optimumSan_who030718_v2,casesAverted,2025,44805.22839149988,44253.11416943223,41561.63333100132,45884.123896494384,optimumSan
optimumSan_who030718_v2,casesAverted,2026,51582.2365564487,50990.377695975985,48049.44564517541,52903.78961326215,optimumSan
optimumSan_who030718_v2,casesAverted,2027,58760.07442182697,58100.618042417904,54849.47398695176,60077.28096715675,optimumSan
optimumSan_who030718_v2,casesAverted,2028,70727.9433070684,69906.3280616081,66025.69524887572,72264.40945342135,optimumSan
optimumSan_who030718_v2,casesAverted,2029,81033.59493054534,80142.24723672924,75875.84953341671,82821.14273663558,optimumSan
optimumSan_who030718_v2,casesAverted,2030,89082.23273815258,88173.90785624695,83556.9091937098,91276.64980607669,optimumSan
optimumSan_who030718_v2,casesAverted,2031,94186.7408033315,93298.63879167488,88465.79616325954,96705.53898363933,optimumSan
optimumSan_who030718_v2,casesAverted,2032,97055.73593103766,96172.95705042576,91217.99380770988,99709.38133761582,optimumSan
optimumSan_who030718_v2,casesAverted,2033,97892.2364744923,97027.47771212496,92051.72078532033,100602.98637242377,optimumSan
optimumSan_who030718_v2,casesAverted,2034,98120.04390531688,97250.55220525939,92259.01978003197,100862.79468052201,optimumSan
optimumSan_who030718_v2,casesAverted,2035,98120.04388559905,97250.55222555768,92259.01951390723,100862.79465257407,optimumSan
optimumSan_who030718_v2,dalysAverted,2018,3949.6687226097556,3905.011280138388,3625.9986774291538,4084.830463943934,optimumSan
optimumSan_who030718_v2,dalysAverted,2019,7114.223874289935,7027.92827319857,6550.854200747688,7332.860724597641,optimumSan
optimumSan_who030718_v2,dalysAverted,2020,9785.378482583856,9673.307037297005,8989.155740424425,10145.692832768837,optimumSan
optimumSan_who030718_v2,dalysAverted,2021,12416.575195682253,12252.370244590098,11438.009439225383,12786.92163568874,optimumSan
optimumSan_who030718_v2,dalysAverted,2022,15456.956935243856,15188.829737743734,14001.861796220042,15864.17796937833,optimumSan
optimumSan_who030718_v2,dalysAverted,2023,21911.682414503804,21525.499997286355,19835.246231520916,22468.974469626388,optimumSan
optimumSan_who030718_v2,dalysAverted,2024,28603.035045892786,28161.936658616967,26196.875506064953,29313.636306196408,optimumSan
optimumSan_who030718_v2,dalysAverted,2025,33968.853864293735,33518.30335147138,31340.032381182205,34892.72383917333,optimumSan
optimumSan_who030718_v2,dalysAverted,2026,39852.04310849041,39414.06754135398,37087.83390085976,40899.473028083834,optimumSan
optimumSan_who030718_v2,dalysAverted,2027,45531.06958363208,44991.754993392125,42327.98692219953,46696.319734729695,optimumSan
optimumSan_who030718_v2,dalysAverted,2028,54732.783724252135,54073.02712734651,50999.406193758135,56148.22768308771,optimumSan
optimumSan_who030718_v2,dalysAverted,2029,63731.45406838924,63090.91348499115,59757.817797765834,65406.96033277981,optimumSan
optimumSan_who030718_v2,dalysAverted,2030,70873.4932406164,70268.62451637216,66676.80686525695,72882.39611741545,optimumSan
optimumSan_who030718_v2,dalysAverted,2031,75994.16694363143,75462.68765055973,71734.08409197276,78301.26110443207,optimumSan
optimumSan_who030718_v2,dalysAverted,2032,79039.47962587574,78545.74783386303,74745.36990209162,81536.69345954472,optimumSan
optimumSan_who030718_v2,dalysAverted,2033,80137.58073227516,79697.6857437063,75886.0681075806,82753.53401075098,optimumSan
optimumSan_who030718_v2,dalysAverted,2034,80387.33250960191,79951.90431932833,76121.00709785635,83043.23260286666,optimumSan
optimumSan_who030718_v2,dalysAverted,2035,80387.33291105021,79951.90434627542,76121.00753287281,83043.23244123119,optimumSan
optimumSan_who030718_v2,deathsAverted,2018,183.09998516394006,181.03032905704768,168.09825527328752,189.42728812434297,optimumSan
optimumSan_who030718_v2,deathsAverted,2019,329.8946065975643,325.829289418771,303.5474111796159,339.8755830410199,optimumSan
optimumSan_who030718_v2,deathsAverted,2020,454.901271118191,449.358131148753,417.05694548945877,470.87487454570885,optimumSan
optimumSan_who030718_v2,deathsAverted,2021,572.6653859022958,565.0185803058475,527.2610222175613,589.0153651067691,optimumSan
optimumSan_who030718_v2,deathsAverted,2022,704.2976365797061,692.2570973956974,639.0161872424366,722.0703873358485,optimumSan
optimumSan_who030718_v2,deathsAverted,2023,990.4951283324378,973.4709030588841,898.2124064628741,1015.2178958483389,optimumSan
optimumSan_who030718_v2,deathsAverted,2024,1281.0677406959755,1261.699958104454,1174.0708367279778,1312.8153275055672,optimumSan
optimumSan_who030718_v2,deathsAverted,2025,1515.0005026769818,1494.3190530054283,1396.553239225104,1555.4336693851524,optimumSan
optimumSan_who030718_v2,deathsAverted,2026,1754.5907888589563,1733.8802441193627,1630.3933180297975,1798.909546494692,optimumSan
optimumSan_who030718_v2,deathsAverted,2027,1977.727186720057,1952.9972403496636,1836.2300065349687,2026.8729506821219,optimumSan
optimumSan_who030718_v2,deathsAverted,2028,2365.4895519854667,2336.401098818102,2201.4055977074913,2423.0568172975723,optimumSan
optimumSan_who030718_v2,deathsAverted,2029,2732.998209473245,2702.7317451854374,2557.1072609852868,2801.205044569578,optimumSan
optimumSan_who030718_v2,deathsAverted,2030,3021.8345354053654,2992.5834575230065,2837.82873880905,3103.690730665953,optimumSan
optimumSan_who030718_v2,deathsAverted,2031,3207.174285961626,3180.027587087807,3018.0396455837827,3300.603245607389,optimumSan
optimumSan_who030718_v2,deathsAverted,2032,3317.1902336387466,3291.5231621240714,3126.9780139030777,3417.5102352657705,optimumSan
optimumSan_who030718_v2,deathsAverted,2033,3352.990101473528,3329.0241468212876,3164.1085537771,3457.8845061758366,optimumSan
optimumSan_who030718_v2,deathsAverted,2034,3361.4278299623156,3337.571040548069,3172.0252625876196,3467.6001026818312,optimumSan
optimumSan_who030718_v2,deathsAverted,2035,3361.427831945375,3337.571041674127,3172.0252690403663,3467.60008779731,optimumSan
optimumWash_who030718_v2,cases,2018,148862.56322302856,148946.21533318152,147264.60146556774,151474.81258919122,optimumWash
optimumWash_who030718_v2,cases,2019,302577.2031383177,302953.3783042832,300294.5903830592,307965.3093459688,optimumWash
optimumWash_who030718_v2,cases,2020,462026.49345882976,462505.20235571126,458044.79942192597,470482.4323554606,optimumWash
optimumWash_who030718_v2,cases,2021,625762.5286758384,626291.7840889102,619928.069705365,636763.3266242155,optimumWash
optimumWash_who030718_v2,cases,2022,794052.8613407984,794707.5390215833,786190.2560232809,807927.7665917934,optimumWash
optimumWash_who030718_v2,cases,2023,961308.115163021,961955.7354552314,951352.4040218195,978006.6590439245,optimumWash
optimumWash_who030718_v2,cases,2024,1135517.5917433146,1136347.4466597955,1123381.3855179523,1155267.0249841346,optimumWash
optimumWash_who030718_v2,cases,2025,1315878.1023708354,1317059.5160340206,1302161.02569877,1339499.6105691537,optimumWash
optimumWash_who030718_v2,cases,2026,1502488.1835275884,1503882.669314783,1486989.4318614285,1529440.4978839138,optimumWash
optimumWash_who030718_v2,cases,2027,1695297.524312155,1696945.4005068075,1677693.138654817,1725875.390551594,optimumWash
optimumWash_who030718_v2,cases,2028,1885708.3078323065,1887437.300025108,1866117.360905944,1919716.0853460021,optimumWash
optimumWash_who030718_v2,cases,2029,2084816.9534546786,2086795.773412815,2063027.0271692122,2122466.830791838,optimumWash
optimumWash_who030718_v2,cases,2030,2291346.400673263,2293726.394327559,2267827.5786764254,2333467.6362261996,optimumWash
optimumWash_who030718_v2,cases,2031,2509321.7683770712,2512000.642179518,2483673.977637719,2555687.970906398,optimumWash
optimumWash_who030718_v2,cases,2032,2737826.324139866,2740636.795607803,2709668.923494315,2788503.4202647675,optimumWash
optimumWash_who030718_v2,cases,2033,2976730.6298524877,2979627.5752147157,2945780.0173782706,3031889.562390814,optimumWash
optimumWash_who030718_v2,cases,2034,3223918.4065777618,3226825.5441548745,3189954.022891303,3283546.9644067283,optimumWash
optimumWash_who030718_v2,cases,2035,3479098.6866717464,3482000.7235438284,3441866.0297402195,3543180.1828968013,optimumWash
optimumWash_who030718_v2,cases_cf,2018,156990.30655965395,157028.2881428084,155087.62563293867,159704.29539925646,optimumWash
optimumWash_who030718_v2,cases_cf,2019,318512.28202542337,318587.63077762676,314646.36528378853,324018.54225616495,optimumWash
optimumWash_who030718_v2,cases_cf,2020,484699.053094294,484811.089792765,478807.4201521016,493078.1723971166,optimumWash
optimumWash_who030718_v2,cases_cf,2021,655687.7321026756,655835.709293737,647705.9154998197,667022.6720653353,optimumWash
optimumWash_who030718_v2,cases_cf,2022,831619.5392543757,831802.6376687739,821481.0212635951,845995.7059619576,optimumWash
optimumWash_who030718_v2,cases_cf,2023,1012639.9283109909,1012857.2536577894,1000276.076034738,1030145.2460572321,optimumWash
optimumWash_who030718_v2,cases_cf,2024,1198898.7156558158,1199149.294450664,1184238.7129504702,1219623.7021479916,optimumWash
optimumWash_who030718_v2,cases_cf,2025,1390550.2133865403,1390832.989616239,1373520.9919993884,1414588.058208133,optimumWash
optimumWash_who030718_v2,cases_cf,2026,1587753.366927485,1588067.1977573163,1568279.534341074,1615200.011677191,optimumWash
optimumWash_who030718_v2,cases_cf,2027,1790671.897320488,1791015.5490049645,1768675.6625111275,1821626.1184824223,optimumWash
optimumWash_who030718_v2,cases_cf,2028,1999474.448443628,1999846.5917514763,1974875.5451158418,2034037.942449987,optimumWash
optimumWash_who030718_v2,cases_cf,2029,2214334.735712976,2214733.941883201,2187050.3444604203,2252612.2070992687,optimumWash
optimumWash_who030718_v2,cases_cf,2030,2435428.5658256905,2435856.4397990857,2405376.3695854326,2477530.9565743697,optimumWash
optimumWash_who030718_v2,cases_cf,2031,2662936.2161439583,2663398.31011138,2630024.9503544476,2708981.716347921,optimumWash
optimumWash_who030718_v2,cases_cf,2032,2897052.845427072,2897549.326240151,2861191.1691327007,2947157.6623320435,optimumWash
optimumWash_who030718_v2,cases_cf,2033,3137973.950098701,3138504.9814716564,3099067.875654121,3192257.796029497,optimumWash
optimumWash_who030718_v2,cases_cf,2034,3385900.923090092,3386466.665650745,3343853.4665057096,3444487.1227491754,optimumWash
optimumWash_who030718_v2,cases_cf,2035,3641041.234100014,3641641.8450508015,3595752.318175677,3704056.8349867323,optimumWash
optimumWash_who030718_v2,casesAverted,2018,8073.325313072712,8082.072809626897,7771.996722743015,8520.670503424639,optimumWash
optimumWash_who030718_v2,casesAverted,2019,15972.863071424561,15634.25247334355,14206.98882881928,16403.652054668826,optimumWash
optimumWash_who030718_v2,casesAverted,2020,22660.17979969507,22305.887437053698,20622.166881503705,23171.154271209278,optimumWash
optimumWash_who030718_v2,casesAverted,2021,29930.33421844883,29543.925204826737,27652.986883423873,30533.526736541236,optimumWash
optimumWash_who030718_v2,casesAverted,2022,37397.10080878445,37095.098647190614,35132.61925022257,38504.17076975151,optimumWash
optimumWash_who030718_v2,casesAverted,2023,51089.640768790894,50901.51820255805,48752.6547169532,52855.87470778878,optimumWash
optimumWash_who030718_v2,casesAverted,2024,62963.73460694314,62801.84779086836,60417.185822512445,65155.85100058852,optimumWash
optimumWash_who030718_v2,casesAverted,2025,74252.60395274725,73773.47358221839,70848.4195035671,76015.98605376422,optimumWash
optimumWash_who030718_v2,casesAverted,2026,84733.41942079735,84184.52844253337,80867.50878394025,86714.0895656134,optimumWash
optimumWash_who030718_v2,casesAverted,2027,94593.33723920783,94070.14849815698,90505.74827547494,96970.76098478361,optimumWash
optimumWash_who030718_v2,casesAverted,2028,112951.69026371239,112409.29172636823,108279.96926638913,115769.31644011723,optimumWash
optimumWash_who030718_v2,casesAverted,2029,128596.96461492375,127938.16847038563,123207.28518628908,131792.13494800648,optimumWash
optimumWash_who030718_v2,casesAverted,2030,143211.6216634852,142130.04547152654,136702.79792737935,145999.7852413426,optimumWash
optimumWash_who030718_v2,casesAverted,2031,152675.5568674493,151397.6679318621,145512.7149552395,155287.99292212987,optimumWash
optimumWash_who030718_v2,casesAverted,2032,158258.9274859673,156912.53063234815,150673.68640615427,160727.47494246482,optimumWash
optimumWash_who030718_v2,casesAverted,2033,160289.34160118003,158877.4062569408,152465.15040018002,162607.21995217135,optimumWash
optimumWash_who030718_v2,casesAverted,2034,161050.69992364844,159641.12149587052,153157.3406199118,163331.06406079448,optimumWash
optimumWash_who030718_v2,casesAverted,2035,161050.69988281588,159641.12150697323,153157.34063709536,163331.06397991936,optimumWash
optimumWash_who030718_v2,dalysAverted,2018,5709.725797119534,5717.622542851819,5498.097283844275,6032.903291606792,optimumWash
optimumWash_who030718_v2,dalysAverted,2019,11312.366540381925,11078.49409505582,10084.189942950281,11625.42571082191,optimumWash
optimumWash_who030718_v2,dalysAverted,2020,16279.576796876283,16031.650789256619,14892.635057850492,16586.78413569186,optimumWash
optimumWash_who030718_v2,dalysAverted,2021,22367.98753621235,22107.93045630612,20670.760070509903,22967.854133212055,optimumWash
optimumWash_who030718_v2,dalysAverted,2022,29445.316109608997,29239.881219414085,27780.811938988158,30333.865459764558,optimumWash
optimumWash_who030718_v2,dalysAverted,2023,41142.59999969707,41008.68777006246,39433.89608886,42430.349242591015,optimumWash
optimumWash_who030718_v2,dalysAverted,2024,51145.80736436095,50872.77943989989,48718.92619512183,52682.22098671784,optimumWash
optimumWash_who030718_v2,dalysAverted,2025,59845.32787317568,59467.14083083723,57128.23096339834,61254.908582119635,optimumWash
optimumWash_who030718_v2,dalysAverted,2026,68980.36335129943,68580.12014678295,65834.29826735042,70806.27042106401,optimumWash
optimumWash_who030718_v2,dalysAverted,2027,78878.53146766327,78545.98991312088,75642.28736116398,81065.72683320912,optimumWash
optimumWash_who030718_v2,dalysAverted,2028,95650.54935906651,95322.12971461458,91999.54466078526,98276.41858002241,optimumWash
optimumWash_who030718_v2,dalysAverted,2029,109911.340110722,109283.88180042217,105075.93157654682,112693.97766004798,optimumWash
optimumWash_who030718_v2,dalysAverted,2030,122407.46269103343,121593.21045893013,117067.85302679063,125017.29705670693,optimumWash
optimumWash_who030718_v2,dalysAverted,2031,131312.94014202437,130375.87418283532,125636.52609599983,133734.54037447678,optimumWash
optimumWash_who030718_v2,dalysAverted,2032,136318.06870257214,135337.53094473522,130451.60334271539,138662.0209874244,optimumWash
optimumWash_who030718_v2,dalysAverted,2033,138059.547375035,137074.14541923386,132147.54003685314,140337.32593939843,optimumWash
optimumWash_who030718_v2,dalysAverted,2034,138715.35498504463,137746.22880096777,132874.15280203774,140934.97064212585,optimumWash
optimumWash_who030718_v2,dalysAverted,2035,138715.35511453202,137746.22881204638,132874.15284283503,140934.9708075076,optimumWash
optimumWash_who030718_v2,deathsAverted,2018,278.2315325534275,278.4878486276791,267.86565019244995,293.24630635192165,optimumWash
optimumWash_who030718_v2,deathsAverted,2019,551.1946753008158,539.3247004420696,489.363341185533,566.0566716398837,optimumWash
optimumWash_who030718_v2,deathsAverted,2020,789.6001840353142,777.6925382840049,720.6635383427783,805.8706037367228,optimumWash
optimumWash_who030718_v2,deathsAverted,2021,1055.7429750547176,1043.2789162158392,973.9493562614356,1083.701731870278,optimumWash
optimumWash_who030718_v2,deathsAverted,2022,1366.347751437885,1355.635797541549,1284.318550137369,1405.376200152709,optimumWash
optimumWash_who030718_v2,deathsAverted,2023,1875.09881295428,1867.2742563110255,1789.9405392167243,1932.272368456517,optimumWash
optimumWash_who030718_v2,deathsAverted,2024,2310.3377641185543,2296.5694309957516,2192.444543648803,2378.835214459855,optimumWash
optimumWash_who030718_v2,deathsAverted,2025,2689.04224689276,2669.8313030419135,2557.125764540463,2751.9072428598756,optimumWash
optimumWash_who030718_v2,deathsAverted,2026,3052.828510753595,3033.452326422013,2904.902069591891,3133.0880964915445,optimumWash
optimumWash_who030718_v2,deathsAverted,2027,3438.394211244683,3421.148560629477,3286.56227077733,3535.506458362014,optimumWash
optimumWash_who030718_v2,deathsAverted,2028,4113.5050114165915,4096.208392279186,3943.854691685454,4229.577638021474,optimumWash
optimumWash_who030718_v2,deathsAverted,2029,4690.281131794181,4660.526857648104,4470.193493044988,4812.2251667697155,optimumWash
optimumWash_who030718_v2,deathsAverted,2030,5191.342590370998,5153.128972918054,4948.182029089796,5306.757999977941,optimumWash
optimumWash_who030718_v2,deathsAverted,2031,5514.493095952393,5471.776705222284,5257.848498136758,5625.957615838892,optimumWash
optimumWash_who030718_v2,deathsAverted,2032,5699.388497336529,5654.2507745082685,5435.059053781818,5808.731246343134,optimumWash
optimumWash_who030718_v2,deathsAverted,2033,5760.357191706749,5715.34846469581,5495.028242221304,5865.81552468704,optimumWash
optimumWash_who030718_v2,deathsAverted,2034,5782.514760024291,5738.046601686183,5519.359750082612,5886.885065051979,optimumWash
optimumWash_who030718_v2,deathsAverted,2035,5782.514752901611,5738.046602141494,5519.359758714811,5886.88506872942,optimumWash
optimumWat_who030718_v2,cases,2018,148275.45341570087,148369.4799133978,146658.216215765,151045.43441784396,optimumWat
optimumWat_who030718_v2,cases,2019,298461.27016997786,298327.1471924908,294460.4174853842,303612.7524609875,optimumWat
optimumWat_who030718_v2,cases,2020,453299.07354904065,452946.22090747004,446977.61932107224,460907.27170851425,optimumWat
optimumWat_who030718_v2,cases,2021,613168.4612239044,612884.2586713,604705.872234098,623757.016900461,optimumWat
optimumWat_who030718_v2,cases,2022,778998.8927749854,778846.5427596659,768077.4093173392,792771.1569156911,optimumWat
optimumWat_who030718_v2,cases,2023,944323.7294300304,944372.8344947356,931318.1256609216,961377.9159431647,optimumWat
optimumWat_who030718_v2,cases,2024,1114472.429093772,1114380.7505555013,1098608.6385477562,1134539.5169381886,optimumWat
optimumWat_who030718_v2,cases,2025,1291543.7357419033,1291269.5861418287,1272902.449121691,1314558.6659753707,optimumWat
optimumWat_who030718_v2,cases,2026,1475413.1624341249,1475218.1058507427,1454308.5661729383,1501833.1266421976,optimumWat
optimumWat_who030718_v2,cases,2027,1660514.9010510067,1660494.9011506073,1636386.5311878212,1690590.6140296785,optimumWat
optimumWat_who030718_v2,cases,2028,1846528.9728974449,1846730.9478306875,1819791.4545629413,1880311.826486394,optimumWat
optimumWat_who030718_v2,cases,2029,2038531.915003833,2038728.320503447,2008261.4471460895,2075690.304956217,optimumWat
optimumWat_who030718_v2,cases,2030,2239162.0360106425,2238806.7884009164,2205236.326148602,2279539.061688762,optimumWat
optimumWat_who030718_v2,cases,2031,2453359.4384843633,2452587.727755745,2415909.535303539,2497223.2586009423,optimumWat
optimumWat_who030718_v2,cases,2032,2679892.08210544,2678848.1856136946,2639215.1147000063,2727520.680769449,optimumWat
optimumWat_who030718_v2,cases,2033,2917480.922010093,2916244.4324396187,2873540.5864412975,2969104.45475381,optimumWat
optimumWat_who030718_v2,cases,2034,3164383.323774389,3163066.106191117,3117234.784302446,3220278.0560350767,optimumWat
optimumWat_who030718_v2,cases,2035,3419552.0485798963,3418241.2855805317,3369157.9789935136,3479911.2745360597,optimumWat
optimumWat_who030718_v2,cases_cf,2018,156990.30655965395,157028.2881428084,155087.62563293867,159704.29539925646,optimumWat
optimumWat_who030718_v2,cases_cf,2019,318512.28202542337,318587.63077762676,314646.36528378853,324018.54225616495,optimumWat
optimumWat_who030718_v2,cases_cf,2020,484699.053094294,484811.089792765,478807.4201521016,493078.1723971166,optimumWat
optimumWat_who030718_v2,cases_cf,2021,655687.7321026756,655835.709293737,647705.9154998197,667022.6720653353,optimumWat
optimumWat_who030718_v2,cases_cf,2022,831619.5392543757,831802.6376687739,821481.0212635951,845995.7059619576,optimumWat
optimumWat_who030718_v2,cases_cf,2023,1012639.9283109909,1012857.2536577894,1000276.076034738,1030145.2460572321,optimumWat
optimumWat_who030718_v2,cases_cf,2024,1198898.7156558158,1199149.294450664,1184238.7129504702,1219623.7021479916,optimumWat
optimumWat_who030718_v2,cases_cf,2025,1390550.2133865403,1390832.989616239,1373520.9919993884,1414588.058208133,optimumWat
optimumWat_who030718_v2,cases_cf,2026,1587753.366927485,1588067.1977573163,1568279.534341074,1615200.011677191,optimumWat
optimumWat_who030718_v2,cases_cf,2027,1790671.897320488,1791015.5490049645,1768675.6625111275,1821626.1184824223,optimumWat
optimumWat_who030718_v2,cases_cf,2028,1999474.448443628,1999846.5917514763,1974875.5451158418,2034037.942449987,optimumWat
optimumWat_who030718_v2,cases_cf,2029,2214334.735712976,2214733.941883201,2187050.3444604203,2252612.2070992687,optimumWat
optimumWat_who030718_v2,cases_cf,2030,2435428.5658256905,2435856.4397990857,2405376.3695854326,2477530.9565743697,optimumWat
optimumWat_who030718_v2,cases_cf,2031,2662936.2161439583,2663398.31011138,2630024.9503544476,2708981.716347921,optimumWat
optimumWat_who030718_v2,cases_cf,2032,2897052.845427072,2897549.326240151,2861191.1691327007,2947157.6623320435,optimumWat
optimumWat_who030718_v2,cases_cf,2033,3137973.950098701,3138504.9814716564,3099067.875654121,3192257.796029497,optimumWat
optimumWat_who030718_v2,cases_cf,2034,3385900.923090092,3386466.665650745,3343853.4665057096,3444487.1227491754,optimumWat
optimumWat_who030718_v2,cases_cf,2035,3641041.234100014,3641641.8450508015,3595752.318175677,3704056.8349867323,optimumWat
optimumWat_who030718_v2,casesAverted,2018,8670.678606639813,8658.80822941061,8350.849917585248,8927.255161008523,optimumWat
optimumWat_who030718_v2,casesAverted,2019,20256.29382943798,20260.483585135968,19866.755361881726,20721.31106305883,optimumWat
optimumWat_who030718_v2,casesAverted,2020,31892.306643895063,31864.868885294945,31215.120531473527,32545.621311238338,optimumWat
optimumWat_who030718_v2,casesAverted,2021,43006.270802518506,42951.45062243698,42322.54345102511,43491.33177788397,optimumWat
optimumWat_who030718_v2,casesAverted,2022,52942.12985858497,52956.094909107975,52379.381419382225,53563.60042136947,optimumWat
optimumWat_who030718_v2,casesAverted,2023,68457.4273715635,68484.41916305383,67861.29016406753,69200.5956330856,optimumWat
optimumWat_who030718_v2,casesAverted,2024,84723.81142280623,84768.54389516253,83925.21979536778,85793.47766044196,optimumWat
optimumWat_who030718_v2,casesAverted,2025,99501.80895658646,99563.40347441025,98514.5099798907,100826.90715455414,optimumWat
optimumWat_who030718_v2,casesAverted,2026,112736.0543468725,112849.09190657374,111758.79929221266,114271.2162303934,optimumWat
optimumWat_who030718_v2,casesAverted,2027,130334.70109186223,130520.64785435727,129125.93896672472,132538.05895765166,optimumWat
optimumWat_who030718_v2,casesAverted,2028,153047.8205829474,153115.6439207888,151400.2476518876,155312.23209643012,optimumWat
optimumWat_who030718_v2,casesAverted,2029,175811.56869730577,176005.62137975384,173727.41919835954,179112.33661182478,optimumWat
optimumWat_who030718_v2,casesAverted,2030,196659.87127775745,197049.65139816937,195011.33077878936,200476.09034477014,optimumWat
optimumWat_who030718_v2,casesAverted,2031,210352.96319493838,210810.58235563515,208818.0072822539,214459.57381172603,optimumWat
optimumWat_who030718_v2,casesAverted,2032,218283.8722305607,218701.1406264567,216533.62080003548,222411.73874396092,optimumWat
optimumWat_who030718_v2,casesAverted,2033,221886.91805143747,222260.54903203755,219928.95476990833,226029.0465078658,optimumWat
optimumWat_who030718_v2,casesAverted,2034,223106.16057117103,223400.5594596282,220963.62749830264,227100.85640352892,optimumWat
optimumWat_who030718_v2,casesAverted,2035,223106.16057077073,223400.55947026963,220963.62746903885,227100.85614327202,optimumWat
optimumWat_who030718_v2,dalysAverted,2018,6105.044648633681,6098.271448150409,5865.067664670453,6308.7472522248545,optimumWat
optimumWat_who030718_v2,dalysAverted,2019,14480.00443189172,14498.352168027073,14199.912884403442,14868.559001619158,optimumWat
optimumWat_who030718_v2,dalysAverted,2020,23322.463048879505,23343.874295189402,22906.88748060246,23815.385989034818,optimumWat
optimumWat_who030718_v2,dalysAverted,2021,33909.34415649707,33929.52932673417,33414.390483780044,34463.95196986378,optimumWat
optimumWat_who030718_v2,dalysAverted,2022,43292.04586267742,43316.20882331033,42829.51325630626,43893.16939083418,optimumWat
optimumWat_who030718_v2,dalysAverted,2023,57181.197966885215,57213.67287863177,56628.32987194786,57899.94311295957,optimumWat
optimumWat_who030718_v2,dalysAverted,2024,71610.13072439173,71662.45301697204,70904.02296771487,72627.49581118856,optimumWat
optimumWat_who030718_v2,dalysAverted,2025,84903.05111502623,84974.06446909133,84037.5203615354,86140.59791285069,optimumWat
optimumWat_who030718_v2,dalysAverted,2026,98855.17456410461,98980.03422800584,97885.35014145166,100299.9935469294,optimumWat
optimumWat_who030718_v2,dalysAverted,2027,117564.33892171287,117703.83589193481,116245.61497704362,119593.0622579072,optimumWat
optimumWat_who030718_v2,dalysAverted,2028,140154.7123972444,140187.4750621052,138366.66721910908,142352.1214710153,optimumWat
optimumWat_who030718_v2,dalysAverted,2029,162489.45809367532,162618.62950675678,160420.89100526625,165520.42320911883,optimumWat
optimumWat_who030718_v2,dalysAverted,2030,182983.39901934512,183302.88570065153,181155.1585471657,186502.45730563553,optimumWat
optimumWat_who030718_v2,dalysAverted,2031,197770.15614545677,198221.70720538538,196047.49770570116,201673.8423409167,optimumWat
optimumWat_who030718_v2,dalysAverted,2032,206177.56900607748,206681.11832965637,204515.67103548397,210173.01710764787,optimumWat
optimumWat_who030718_v2,dalysAverted,2033,210127.56531182054,210624.3426713913,208342.3304103572,214146.90804841937,optimumWat
optimumWat_who030718_v2,dalysAverted,2034,211456.58508787176,211934.5546862316,209628.920559047,215401.0604986475,optimumWat
optimumWat_who030718_v2,dalysAverted,2035,211456.58519404876,211934.55469673386,209628.9206056281,215401.0605470487,optimumWat
optimumWat_who030718_v2,deathsAverted,2018,311.33940564214845,311.0005716974436,298.6908268858096,322.0253822147229,optimumWat
optimumWat_who030718_v2,deathsAverted,2019,740.6010628607037,741.8149912240675,725.7687790184564,762.7507302683525,optimumWat
optimumWat_who030718_v2,deathsAverted,2020,1188.5027102738045,1188.0978149122825,1162.118716306145,1212.8865417058232,optimumWat
optimumWat_who030718_v2,deathsAverted,2021,1649.54749592916,1649.1640516546709,1621.6657323227141,1674.588085323249,optimumWat
optimumWat_who030718_v2,deathsAverted,2022,2058.861601732021,2058.618168023177,2032.4292472037212,2084.52662914159,optimumWat
optimumWat_who030718_v2,deathsAverted,2023,2652.721220149275,2653.0389521231573,2624.3986631005187,2683.368506506899,optimumWat
optimumWat_who030718_v2,deathsAverted,2024,3276.4490736642947,3277.259932541461,3239.5713354074956,3318.535058572397,optimumWat
optimumWat_who030718_v2,deathsAverted,2025,3853.1807532909415,3854.864469237975,3809.0776444249577,3906.2549972459833,optimumWat
optimumWat_who030718_v2,deathsAverted,2026,4405.049440908216,4407.305698894813,4357.152670570154,4464.685816077752,optimumWat
optimumWat_who030718_v2,deathsAverted,2027,5136.678668869938,5144.197485818554,5085.772093222291,5224.448421314528,optimumWat
optimumWat_who030718_v2,deathsAverted,2028,6023.149240246254,6027.6899152854185,5956.683523236429,6118.82583868732,optimumWat
optimumWat_who030718_v2,deathsAverted,2029,6908.764854782323,6916.9270563669015,6831.2701820092225,7034.177445313582,optimumWat
optimumWat_who030718_v2,deathsAverted,2030,7727.104289921441,7740.279493417449,7654.469223123347,7871.592127543813,optimumWat
optimumWat_who030718_v2,deathsAverted,2031,8257.486136743933,8272.647112470826,8185.040815276162,8412.665486767133,optimumWat
optimumWat_who030718_v2,deathsAverted,2032,8561.430419138575,8575.599377007444,8481.483711612736,8718.14679933655,optimumWat
optimumWat_who030718_v2,deathsAverted,2033,8701.775006085689,8715.988402304838,8617.414046070151,8859.877287971714,optimumWat
optimumWat_who030718_v2,deathsAverted,2034,8748.838795108366,8761.988471364642,8660.90668333339,8905.031053839573,optimumWat
optimumWat_who030718_v2,deathsAverted,2035,8748.838786551663,8761.988471801007,8660.906679092537,8905.031055722337,optimumWat
